state,births,year,deaths,suppressed_flg,death_rate,unreliable_flg,region
Alabama,64804,2007,644,0,9.94,0,South
Alabama,64546,2008,611,0,9.47,0,South
Alabama,62475,2009,517,0,8.28,0,South
Alabama,60050,2010,524,0,8.73,0,South
Alabama,59354,2011,488,0,8.22,0,South
Alabama,58448,2012,519,0,8.88,0,South
Alabama,58167,2013,500,0,8.6,0,South
Alabama,59422,2014,515,0,8.67,0,South
Alabama,59657,2015,496,0,8.31,0,South
Alabama,59151,2016,534,0,9.03,0,South
Alabama,58941,2017,435,0,7.38,0,South
Alabama,57761,2018,401,0,6.94,0,South
Alabama,58615,2019,452,0,7.71,0,South
Alabama,57647,2020,403,0,6.99,0,South
Alabama,58054,2021,439,0,7.56,0,South
Alabama,58149,2022,389,0,6.69,0,South
Alabama,57858,2023,442,0,7.64,0,South
Alaska,11052,2007,73,0,6.61,0,West
Alaska,11442,2008,69,0,6.03,0,West
Alaska,11324,2009,78,0,6.89,0,West
Alaska,11471,2010,41,0,3.57,0,West
Alaska,11456,2011,44,0,3.84,0,West
Alaska,11187,2012,57,0,5.1,0,West
Alaska,11446,2013,66,0,5.77,0,West
Alaska,11392,2014,76,0,6.67,0,West
Alaska,11282,2015,78,0,6.91,0,West
Alaska,11209,2016,58,0,5.17,0,West
Alaska,10445,2017,60,0,5.74,0,West
Alaska,10086,2018,63,0,6.25,0,West
Alaska,9822,2019,49,0,4.99,0,West
Alaska,9469,2020,48,0,5.07,0,West
Alaska,9367,2021,69,0,7.37,0,West
Alaska,9359,2022,62,0,6.62,0,West
Alaska,9015,2023,65,0,7.21,0,West
Arizona,102981,2007,707,0,6.87,0,West
Arizona,99442,2008,635,0,6.39,0,West
Arizona,92798,2009,554,0,5.97,0,West
Arizona,87477,2010,520,0,5.94,0,West
Arizona,85543,2011,511,0,5.97,0,West
Arizona,86441,2012,500,0,5.78,0,West
Arizona,85600,2013,449,0,5.25,0,West
Arizona,86887,2014,530,0,6.1,0,West
Arizona,85351,2015,467,0,5.47,0,West
Arizona,84520,2016,450,0,5.32,0,West
Arizona,81872,2017,467,0,5.7,0,West
Arizona,80723,2018,461,0,5.71,0,West
Arizona,79375,2019,431,0,5.43,0,West
Arizona,76947,2020,399,0,5.19,0,West
Arizona,77916,2021,426,0,5.47,0,West
Arizona,78547,2022,485,0,6.17,0,West
Arizona,78096,2023,433,0,5.54,0,West
Arkansas,41378,2007,323,0,7.81,0,South
Arkansas,40669,2008,300,0,7.38,0,South
Arkansas,39808,2009,301,0,7.56,0,South
Arkansas,38540,2010,279,0,7.24,0,South
Arkansas,38715,2011,282,0,7.28,0,South
Arkansas,38347,2012,271,0,7.07,0,South
Arkansas,37832,2013,297,0,7.85,0,South
Arkansas,38511,2014,288,0,7.48,0,South
Arkansas,38886,2015,293,0,7.53,0,South
Arkansas,38274,2016,314,0,8.2,0,South
Arkansas,37520,2017,304,0,8.1,0,South
Arkansas,37018,2018,278,0,7.51,0,South
Arkansas,36564,2019,256,0,7,0,South
Arkansas,35251,2020,260,0,7.38,0,South
Arkansas,35965,2021,309,0,8.59,0,South
Arkansas,35471,2022,272,0,7.67,0,South
Arkansas,35264,2023,290,0,8.22,0,South
California,566414,2007,2947,0,5.2,0,West
California,551804,2008,2822,0,5.11,0,West
California,527020,2009,2590,0,4.91,0,West
California,510198,2010,2417,0,4.74,0,West
California,502120,2011,2403,0,4.79,0,West
California,503755,2012,2244,0,4.45,0,West
California,494705,2013,2354,0,4.76,0,West
California,502879,2014,2173,0,4.32,0,West
California,491748,2015,2178,0,4.43,0,West
California,488827,2016,2063,0,4.22,0,West
California,471658,2017,1981,0,4.2,0,West
California,454920,2018,1917,0,4.21,0,West
California,446479,2019,1889,0,4.23,0,West
California,420259,2020,1648,0,3.92,0,West
California,420608,2021,1713,0,4.07,0,West
California,419104,2022,1724,0,4.11,0,West
California,400108,2023,1642,0,4.1,0,West
Colorado,70809,2007,434,0,6.13,0,West
Colorado,70031,2008,435,0,6.21,0,West
Colorado,68628,2009,428,0,6.24,0,West
Colorado,66355,2010,392,0,5.91,0,West
Colorado,65055,2011,358,0,5.5,0,West
Colorado,65187,2012,297,0,4.56,0,West
Colorado,65007,2013,333,0,5.12,0,West
Colorado,65830,2014,315,0,4.79,0,West
Colorado,66581,2015,310,0,4.66,0,West
Colorado,66613,2016,317,0,4.76,0,West
Colorado,64382,2017,289,0,4.49,0,West
Colorado,62885,2018,299,0,4.75,0,West
Colorado,62869,2019,305,0,4.85,0,West
Colorado,61494,2020,295,0,4.8,0,West
Colorado,62949,2021,314,0,4.99,0,West
Colorado,62383,2022,283,0,4.54,0,West
Colorado,61494,2023,280,0,4.55,0,West
Connecticut,41660,2007,279,0,6.7,0,Northeast
Connecticut,40399,2008,239,0,5.92,0,Northeast
Connecticut,38896,2009,216,0,5.55,0,Northeast
Connecticut,37708,2010,200,0,5.3,0,Northeast
Connecticut,37281,2011,192,0,5.15,0,Northeast
Connecticut,36539,2012,192,0,5.25,0,Northeast
Connecticut,36085,2013,173,0,4.79,0,Northeast
Connecticut,36285,2014,175,0,4.82,0,Northeast
Connecticut,35746,2015,202,0,5.65,0,Northeast
Connecticut,36015,2016,172,0,4.78,0,Northeast
Connecticut,35221,2017,159,0,4.51,0,Northeast
Connecticut,34725,2018,146,0,4.2,0,Northeast
Connecticut,34258,2019,150,0,4.38,0,Northeast
Connecticut,33460,2020,145,0,4.33,0,Northeast
Connecticut,35670,2021,166,0,4.65,0,Northeast
Connecticut,35332,2022,150,0,4.25,0,Northeast
Connecticut,34559,2023,155,0,4.49,0,Northeast
Delaware,12170,2007,93,0,7.64,0,South
Delaware,12090,2008,101,0,8.35,0,South
Delaware,11559,2009,92,0,7.96,0,South
Delaware,11364,2010,85,0,7.48,0,South
Delaware,11257,2011,100,0,8.88,0,South
Delaware,11023,2012,84,0,7.62,0,South
Delaware,10831,2013,69,0,6.37,0,South
Delaware,10972,2014,74,0,6.74,0,South
Delaware,11166,2015,102,0,9.13,0,South
Delaware,10992,2016,86,0,7.82,0,South
Delaware,10855,2017,68,0,6.26,0,South
Delaware,10621,2018,63,0,5.93,0,South
Delaware,10562,2019,68,0,6.44,0,South
Delaware,10392,2020,53,0,5.1,0,South
Delaware,10482,2021,50,0,4.77,0,South
Delaware,10816,2022,81,0,7.49,0,South
Delaware,10427,2023,64,0,6.14,0,South
District of Columbia,8864,2007,115,0,12.97,0,South
District of Columbia,9130,2008,102,0,11.17,0,South
District of Columbia,9040,2009,94,0,10.4,0,South
District of Columbia,9165,2010,70,0,7.64,0,South
District of Columbia,9295,2011,69,0,7.42,0,South
District of Columbia,9399,2012,74,0,7.87,0,South
District of Columbia,9288,2013,62,0,6.68,0,South
District of Columbia,9509,2014,71,0,7.47,0,South
District of Columbia,9578,2015,84,0,8.77,0,South
District of Columbia,9858,2016,71,0,7.2,0,South
District of Columbia,9560,2017,78,0,8.16,0,South
District of Columbia,9212,2018,68,0,7.38,0,South
District of Columbia,9079,2019,45,0,4.96,0,South
District of Columbia,8874,2020,46,0,5.18,0,South
District of Columbia,8660,2021,59,0,6.81,0,South
District of Columbia,8075,2022,44,0,5.45,0,South
District of Columbia,7896,2023,55,0,6.97,0,South
Florida,239165,2007,1694,0,7.08,0,South
Florida,231445,2008,1684,0,7.28,0,South
Florida,221394,2009,1527,0,6.9,0,South
Florida,214590,2010,1397,0,6.51,0,South
Florida,213414,2011,1379,0,6.46,0,South
Florida,213148,2012,1306,0,6.13,0,South
Florida,215407,2013,1322,0,6.14,0,South
Florida,219991,2014,1344,0,6.11,0,South
Florida,224269,2015,1399,0,6.24,0,South
Florida,225022,2016,1382,0,6.14,0,South
Florida,223630,2017,1364,0,6.1,0,South
Florida,221542,2018,1339,0,6.04,0,South
Florida,220002,2019,1342,0,6.1,0,South
Florida,209671,2020,1217,0,5.8,0,South
Florida,216260,2021,1275,0,5.9,0,South
Florida,224433,2022,1342,0,5.98,0,South
Florida,221410,2023,1351,0,6.1,0,South
Georgia,151137,2007,1210,0,8.01,0,South
Georgia,146603,2008,1171,0,7.99,0,South
Georgia,141377,2009,1036,0,7.33,0,South
Georgia,133947,2010,849,0,6.34,0,South
Georgia,132409,2011,908,0,6.86,0,South
Georgia,130280,2012,812,0,6.23,0,South
Georgia,128748,2013,899,0,6.98,0,South
Georgia,130946,2014,985,0,7.52,0,South
Georgia,131404,2015,1024,0,7.79,0,South
Georgia,130042,2016,972,0,7.47,0,South
Georgia,129243,2017,928,0,7.18,0,South
Georgia,126172,2018,889,0,7.05,0,South
Georgia,126371,2019,887,0,7.02,0,South
Georgia,122473,2020,769,0,6.28,0,South
Georgia,124073,2021,776,0,6.25,0,South
Georgia,126130,2022,893,0,7.08,0,South
Georgia,125120,2023,874,0,6.99,0,South
Hawaii,19134,2007,127,0,6.64,0,West
Hawaii,19484,2008,110,0,5.65,0,West
Hawaii,18887,2009,112,0,5.93,0,West
Hawaii,18988,2010,118,0,6.21,0,West
Hawaii,18956,2011,100,0,5.28,0,West
Hawaii,18980,2012,92,0,4.85,0,West
Hawaii,18987,2013,121,0,6.37,0,West
Hawaii,18550,2014,83,0,4.47,0,West
Hawaii,18420,2015,104,0,5.65,0,West
Hawaii,18059,2016,109,0,6.04,0,West
Hawaii,17517,2017,95,0,5.42,0,West
Hawaii,16972,2018,115,0,6.78,0,West
Hawaii,16797,2019,86,0,5.12,0,West
Hawaii,15785,2020,77,0,4.88,0,West
Hawaii,15620,2021,73,0,4.67,0,West
Hawaii,15535,2022,90,0,5.79,0,West
Hawaii,14808,2023,72,0,4.86,0,West
Idaho,25019,2007,171,0,6.83,0,West
Idaho,25149,2008,144,0,5.73,0,West
Idaho,23737,2009,130,0,5.48,0,West
Idaho,23198,2010,111,0,4.78,0,West
Idaho,22305,2011,113,0,5.07,0,West
Idaho,22963,2012,125,0,5.44,0,West
Idaho,22383,2013,126,0,5.63,0,West
Idaho,22876,2014,122,0,5.33,0,West
Idaho,22827,2015,107,0,4.69,0,West
Idaho,22482,2016,131,0,5.83,0,West
Idaho,22181,2017,101,0,4.55,0,West
Idaho,21403,2018,108,0,5.05,0,West
Idaho,22063,2019,95,0,4.31,0,West
Idaho,21533,2020,109,0,5.06,0,West
Idaho,22427,2021,115,0,5.13,0,West
Idaho,22391,2022,118,0,5.27,0,West
Idaho,22397,2023,98,0,4.38,0,West
Illinois,180836,2007,1229,0,6.8,0,Midwest
Illinois,176797,2008,1273,0,7.2,0,Midwest
Illinois,171163,2009,1185,0,6.92,0,Midwest
Illinois,165200,2010,1130,0,6.84,0,Midwest
Illinois,161312,2011,1058,0,6.56,0,Midwest
Illinois,159160,2012,1036,0,6.51,0,Midwest
Illinois,156931,2013,937,0,5.97,0,Midwest
Illinois,158556,2014,1043,0,6.58,0,Midwest
Illinois,158116,2015,948,0,6,0,Midwest
Illinois,154445,2016,985,0,6.38,0,Midwest
Illinois,149390,2017,915,0,6.12,0,Midwest
Illinois,144815,2018,949,0,6.55,0,Midwest
Illinois,140128,2019,794,0,5.67,0,Midwest
Illinois,133298,2020,733,0,5.5,0,Midwest
Illinois,132189,2021,743,0,5.62,0,Midwest
Illinois,128350,2022,718,0,5.59,0,Midwest
Illinois,124820,2023,738,0,5.91,0,Midwest
Indiana,89864,2007,681,0,7.58,0,Midwest
Indiana,88742,2008,607,0,6.84,0,Midwest
Indiana,86673,2009,678,0,7.82,0,Midwest
Indiana,83940,2010,640,0,7.62,0,Midwest
Indiana,83701,2011,638,0,7.62,0,Midwest
Indiana,83227,2012,558,0,6.7,0,Midwest
Indiana,83102,2013,602,0,7.24,0,Midwest
Indiana,84080,2014,595,0,7.08,0,Midwest
Indiana,84040,2015,614,0,7.31,0,Midwest
Indiana,83091,2016,614,0,7.39,0,Midwest
Indiana,82170,2017,593,0,7.22,0,Midwest
Indiana,81646,2018,549,0,6.72,0,Midwest
Indiana,80859,2019,529,0,6.54,0,Midwest
Indiana,78616,2020,531,0,6.75,0,Midwest
Indiana,79946,2021,540,0,6.75,0,Midwest
Indiana,79649,2022,570,0,7.16,0,Midwest
Indiana,79000,2023,514,0,6.51,0,Midwest
Iowa,40886,2007,224,0,5.48,0,Midwest
Iowa,40224,2008,229,0,5.69,0,Midwest
Iowa,39701,2009,183,0,4.61,0,Midwest
Iowa,38719,2010,188,0,4.86,0,Midwest
Iowa,38214,2011,181,0,4.74,0,Midwest
Iowa,38702,2012,206,0,5.32,0,Midwest
Iowa,39094,2013,166,0,4.25,0,Midwest
Iowa,39687,2014,189,0,4.76,0,Midwest
Iowa,39482,2015,167,0,4.23,0,Midwest
Iowa,39403,2016,235,0,5.96,0,Midwest
Iowa,38430,2017,204,0,5.31,0,Midwest
Iowa,37785,2018,188,0,4.98,0,Midwest
Iowa,37649,2019,189,0,5.02,0,Midwest
Iowa,36114,2020,160,0,4.43,0,Midwest
Iowa,36835,2021,147,0,3.99,0,Midwest
Iowa,36506,2022,190,0,5.2,0,Midwest
Iowa,36052,2023,184,0,5.1,0,Midwest
Kansas,42004,2007,336,0,8,0,Midwest
Kansas,41833,2008,307,0,7.34,0,Midwest
Kansas,41396,2009,294,0,7.1,0,Midwest
Kansas,40649,2010,252,0,6.2,0,Midwest
Kansas,39642,2011,247,0,6.23,0,Midwest
Kansas,40341,2012,254,0,6.3,0,Midwest
Kansas,38839,2013,252,0,6.49,0,Midwest
Kansas,39223,2014,243,0,6.2,0,Midwest
Kansas,39154,2015,233,0,5.95,0,Midwest
Kansas,38053,2016,228,0,5.99,0,Midwest
Kansas,36519,2017,220,0,6.02,0,Midwest
Kansas,36261,2018,231,0,6.37,0,Midwest
Kansas,35395,2019,192,0,5.42,0,Midwest
Kansas,34376,2020,227,0,6.6,0,Midwest
Kansas,34705,2021,184,0,5.3,0,Midwest
Kansas,34401,2022,200,0,5.81,0,Midwest
Kansas,34065,2023,178,0,5.23,0,Midwest
Kentucky,59368,2007,397,0,6.69,0,South
Kentucky,58376,2008,404,0,6.92,0,South
Kentucky,57551,2009,393,0,6.83,0,South
Kentucky,55784,2010,380,0,6.81,0,South
Kentucky,55370,2011,356,0,6.43,0,South
Kentucky,55758,2012,401,0,7.19,0,South
Kentucky,55686,2013,356,0,6.39,0,South
Kentucky,56170,2014,400,0,7.12,0,South
Kentucky,55971,2015,375,0,6.7,0,South
Kentucky,55449,2016,376,0,6.78,0,South
Kentucky,54752,2017,361,0,6.59,0,South
Kentucky,53922,2018,326,0,6.05,0,South
Kentucky,53069,2019,260,0,4.9,0,South
Kentucky,51668,2020,332,0,6.43,0,South
Kentucky,52214,2021,321,0,6.15,0,South
Kentucky,52315,2022,302,0,5.77,0,South
Kentucky,51984,2023,342,0,6.58,0,South
Louisiana,66301,2007,608,0,9.17,0,South
Louisiana,65270,2008,590,0,9.04,0,South
Louisiana,64973,2009,573,0,8.82,0,South
Louisiana,62379,2010,471,0,7.55,0,South
Louisiana,61888,2011,509,0,8.22,0,South
Louisiana,62642,2012,509,0,8.13,0,South
Louisiana,63201,2013,549,0,8.69,0,South
Louisiana,64497,2014,485,0,7.52,0,South
Louisiana,64692,2015,489,0,7.56,0,South
Louisiana,63178,2016,504,0,7.98,0,South
Louisiana,61018,2017,431,0,7.06,0,South
Louisiana,59615,2018,456,0,7.65,0,South
Louisiana,58941,2019,470,0,7.97,0,South
Louisiana,57328,2020,435,0,7.59,0,South
Louisiana,57437,2021,416,0,7.24,0,South
Louisiana,56479,2022,416,0,7.37,0,South
Louisiana,54927,2023,392,0,7.14,0,South
Maine,14120,2007,90,0,6.37,0,Northeast
Maine,13609,2008,74,0,5.44,0,Northeast
Maine,13470,2009,77,0,5.72,0,Northeast
Maine,12970,2010,70,0,5.4,0,Northeast
Maine,12704,2011,85,0,6.69,0,Northeast
Maine,12798,2012,89,0,6.95,0,Northeast
Maine,12776,2013,91,0,7.12,0,Northeast
Maine,12698,2014,84,0,6.62,0,Northeast
Maine,12607,2015,83,0,6.58,0,Northeast
Maine,12705,2016,73,0,5.75,0,Northeast
Maine,12298,2017,72,0,5.85,0,Northeast
Maine,12311,2018,68,0,5.52,0,Northeast
Maine,11779,2019,64,0,5.43,0,Northeast
Maine,11539,2020,73,0,6.33,0,Northeast
Maine,12006,2021,60,0,5,0,Northeast
Maine,12093,2022,77,0,6.37,0,Northeast
Maine,11627,2023,66,0,5.68,0,Northeast
Maryland,78095,2007,626,0,8.02,0,South
Maryland,77289,2008,615,0,7.96,0,South
Maryland,75059,2009,542,0,7.22,0,South
Maryland,73801,2010,504,0,6.83,0,South
Maryland,73093,2011,498,0,6.81,0,South
Maryland,72883,2012,463,0,6.35,0,South
Maryland,71953,2013,477,0,6.63,0,South
Maryland,73921,2014,480,0,6.49,0,South
Maryland,73616,2015,485,0,6.59,0,South
Maryland,73136,2016,478,0,6.54,0,South
Maryland,71641,2017,461,0,6.43,0,South
Maryland,71080,2018,428,0,6.02,0,South
Maryland,70178,2019,410,0,5.84,0,South
Maryland,68554,2020,393,0,5.73,0,South
Maryland,68285,2021,409,0,5.99,0,South
Maryland,68782,2022,415,0,6.03,0,South
Maryland,65594,2023,368,0,5.61,0,South
Massachusetts,77967,2007,385,0,4.94,0,Northeast
Massachusetts,77022,2008,388,0,5.04,0,Northeast
Massachusetts,75016,2009,382,0,5.09,0,Northeast
Massachusetts,72865,2010,320,0,4.39,0,Northeast
Massachusetts,73166,2011,311,0,4.25,0,Northeast
Massachusetts,72439,2012,305,0,4.21,0,Northeast
Massachusetts,71788,2013,300,0,4.18,0,Northeast
Massachusetts,71908,2014,311,0,4.32,0,Northeast
Massachusetts,71492,2015,309,0,4.32,0,Northeast
Massachusetts,71317,2016,281,0,3.94,0,Northeast
Massachusetts,70702,2017,259,0,3.66,0,Northeast
Massachusetts,69109,2018,289,0,4.18,0,Northeast
Massachusetts,69117,2019,258,0,3.73,0,Northeast
Massachusetts,66428,2020,262,0,3.94,0,Northeast
Massachusetts,69137,2021,223,0,3.23,0,Northeast
Massachusetts,68584,2022,228,0,3.32,0,Northeast
Massachusetts,67093,2023,220,0,3.28,0,Northeast
Michigan,125261,2007,994,0,7.94,0,Midwest
Michigan,121127,2008,896,0,7.4,0,Midwest
Michigan,117294,2009,892,0,7.6,0,Midwest
Michigan,114531,2010,816,0,7.12,0,Midwest
Michigan,114008,2011,746,0,6.54,0,Midwest
Michigan,113091,2012,784,0,6.93,0,Midwest
Michigan,113489,2013,800,0,7.05,0,Midwest
Michigan,114375,2014,739,0,6.46,0,Midwest
Michigan,113312,2015,739,0,6.52,0,Midwest
Michigan,113315,2016,727,0,6.42,0,Midwest
Michigan,111426,2017,755,0,6.78,0,Midwest
Michigan,110032,2018,684,0,6.22,0,Midwest
Michigan,107886,2019,688,0,6.38,0,Midwest
Michigan,104074,2020,708,0,6.8,0,Midwest
Michigan,104980,2021,653,0,6.22,0,Midwest
Michigan,102321,2022,657,0,6.42,0,Midwest
Michigan,99124,2023,604,0,6.09,0,Midwest
Minnesota,73735,2007,410,0,5.56,0,Midwest
Minnesota,72421,2008,429,0,5.92,0,Midwest
Minnesota,70646,2009,324,0,4.59,0,Midwest
Minnesota,68610,2010,312,0,4.55,0,Midwest
Minnesota,68409,2011,325,0,4.75,0,Midwest
Minnesota,68772,2012,345,0,5.02,0,Midwest
Minnesota,69159,2013,352,0,5.09,0,Midwest
Minnesota,69904,2014,350,0,5.01,0,Midwest
Minnesota,69834,2015,361,0,5.17,0,Midwest
Minnesota,69749,2016,358,0,5.13,0,Midwest
Minnesota,68595,2017,329,0,4.8,0,Midwest
Minnesota,67344,2018,341,0,5.06,0,Midwest
Minnesota,66027,2019,299,0,4.53,0,Midwest
Minnesota,63443,2020,262,0,4.13,0,Midwest
Minnesota,64425,2021,311,0,4.83,0,Midwest
Minnesota,64015,2022,288,0,4.5,0,Midwest
Minnesota,61715,2023,292,0,4.73,0,Midwest
Mississippi,46491,2007,464,0,9.98,0,South
Mississippi,44947,2008,447,0,9.95,0,South
Mississippi,42901,2009,433,0,10.09,0,South
Mississippi,40036,2010,385,0,9.62,0,South
Mississippi,39860,2011,368,0,9.23,0,South
Mississippi,38669,2012,344,0,8.9,0,South
Mississippi,38634,2013,371,0,9.6,0,South
Mississippi,38736,2014,317,0,8.18,0,South
Mississippi,38394,2015,363,0,9.45,0,South
Mississippi,37928,2016,329,0,8.67,0,South
Mississippi,37357,2017,326,0,8.73,0,South
Mississippi,37000,2018,311,0,8.41,0,South
Mississippi,36636,2019,319,0,8.71,0,South
Mississippi,35473,2020,288,0,8.12,0,South
Mississippi,35156,2021,330,0,9.39,0,South
Mississippi,34675,2022,316,0,9.11,0,South
Mississippi,34459,2023,308,0,8.94,0,South
Missouri,81930,2007,608,0,7.42,0,Midwest
Missouri,80963,2008,578,0,7.14,0,Midwest
Missouri,78905,2009,558,0,7.07,0,Midwest
Missouri,76759,2010,505,0,6.58,0,Midwest
Missouri,76117,2011,482,0,6.33,0,Midwest
Missouri,75446,2012,498,0,6.6,0,Midwest
Missouri,75296,2013,491,0,6.52,0,Midwest
Missouri,75360,2014,461,0,6.12,0,Midwest
Missouri,75061,2015,487,0,6.49,0,Midwest
Missouri,74705,2016,492,0,6.59,0,Midwest
Missouri,73034,2017,457,0,6.26,0,Midwest
Missouri,73269,2018,465,0,6.35,0,Midwest
Missouri,72127,2019,443,0,6.14,0,Midwest
Missouri,69285,2020,408,0,5.89,0,Midwest
Missouri,69453,2021,406,0,5.85,0,Midwest
Missouri,68985,2022,467,0,6.77,0,Midwest
Missouri,67123,2023,411,0,6.12,0,Midwest
Montana,12439,2007,78,0,6.27,0,West
Montana,12594,2008,90,0,7.15,0,West
Montana,12257,2009,76,0,6.2,0,West
Montana,12060,2010,72,0,5.97,0,West
Montana,12069,2011,72,0,5.97,0,West
Montana,12118,2012,72,0,5.94,0,West
Montana,12377,2013,69,0,5.57,0,West
Montana,12432,2014,72,0,5.79,0,West
Montana,12583,2015,73,0,5.8,0,West
Montana,12282,2016,71,0,5.78,0,West
Montana,11799,2017,65,0,5.51,0,West
Montana,11513,2018,55,0,4.78,0,West
Montana,11079,2019,53,0,4.78,0,West
Montana,10791,2020,54,0,5,0,West
Montana,11231,2021,55,0,4.9,0,West
Montana,11175,2022,52,0,4.65,0,West
Montana,11078,2023,61,0,5.51,0,West
Nebraska,26934,2007,182,0,6.76,0,Midwest
Nebraska,26989,2008,148,0,5.48,0,Midwest
Nebraska,26936,2009,145,0,5.38,0,Midwest
Nebraska,25918,2010,136,0,5.25,0,Midwest
Nebraska,25720,2011,144,0,5.6,0,Midwest
Nebraska,25942,2012,121,0,4.66,0,Midwest
Nebraska,26095,2013,136,0,5.21,0,Midwest
Nebraska,26794,2014,136,0,5.08,0,Midwest
Nebraska,26679,2015,152,0,5.7,0,Midwest
Nebraska,26589,2016,161,0,6.06,0,Midwest
Nebraska,25821,2017,143,0,5.54,0,Midwest
Nebraska,25488,2018,147,0,5.77,0,Midwest
Nebraska,24755,2019,122,0,4.93,0,Midwest
Nebraska,24291,2020,138,0,5.68,0,Midwest
Nebraska,24609,2021,135,0,5.49,0,Midwest
Nebraska,24345,2022,142,0,5.83,0,Midwest
Nebraska,24111,2023,154,0,6.39,0,Midwest
Nevada,41181,2007,259,0,6.29,0,West
Nevada,39506,2008,212,0,5.37,0,West
Nevada,37612,2009,219,0,5.82,0,West
Nevada,35934,2010,198,0,5.51,0,West
Nevada,35296,2011,201,0,5.69,0,West
Nevada,34911,2012,172,0,4.93,0,West
Nevada,35030,2013,186,0,5.31,0,West
Nevada,35861,2014,198,0,5.52,0,West
Nevada,36298,2015,188,0,5.18,0,West
Nevada,36260,2016,209,0,5.76,0,West
Nevada,35756,2017,209,0,5.85,0,West
Nevada,35682,2018,219,0,6.14,0,West
Nevada,35072,2019,199,0,5.67,0,West
Nevada,33653,2020,156,0,4.64,0,West
Nevada,33686,2021,194,0,5.76,0,West
Nevada,33193,2022,149,0,4.49,0,West
Nevada,31794,2023,187,0,5.88,0,West
New Hampshire,14168,2007,77,0,5.43,0,Northeast
New Hampshire,13683,2008,53,0,3.87,0,Northeast
New Hampshire,13377,2009,66,0,4.93,0,Northeast
New Hampshire,12874,2010,50,0,3.88,0,Northeast
New Hampshire,12851,2011,58,0,4.51,0,Northeast
New Hampshire,12352,2012,52,0,4.21,0,Northeast
New Hampshire,12396,2013,69,0,5.57,0,Northeast
New Hampshire,12302,2014,54,0,4.39,0,Northeast
New Hampshire,12433,2015,51,0,4.1,0,Northeast
New Hampshire,12267,2016,45,0,3.67,0,Northeast
New Hampshire,12116,2017,51,0,4.21,0,Northeast
New Hampshire,11995,2018,42,0,3.5,0,Northeast
New Hampshire,11839,2019,38,0,3.21,0,Northeast
New Hampshire,11791,2020,52,0,4.41,0,Northeast
New Hampshire,12625,2021,50,0,3.96,0,Northeast
New Hampshire,12077,2022,42,0,3.48,0,Northeast
New Hampshire,11936,2023,35,0,2.93,0,Northeast
New Jersey,116063,2007,594,0,5.12,0,Northeast
New Jersey,112710,2008,619,0,5.49,0,Northeast
New Jersey,110331,2009,576,0,5.22,0,Northeast
New Jersey,106922,2010,513,0,4.8,0,Northeast
New Jersey,105883,2011,538,0,5.08,0,Northeast
New Jersey,104230,2012,463,0,4.44,0,Northeast
New Jersey,102575,2013,463,0,4.51,0,Northeast
New Jersey,103305,2014,454,0,4.39,0,Northeast
New Jersey,103127,2015,483,0,4.68,0,Northeast
New Jersey,102647,2016,414,0,4.03,0,Northeast
New Jersey,101250,2017,451,0,4.45,0,Northeast
New Jersey,101223,2018,385,0,3.8,0,Northeast
New Jersey,99585,2019,420,0,4.22,0,Northeast
New Jersey,97954,2020,392,0,4,0,Northeast
New Jersey,101497,2021,362,0,3.57,0,Northeast
New Jersey,102893,2022,367,0,3.57,0,Northeast
New Jersey,101001,2023,373,0,3.69,0,Northeast
New Mexico,30616,2007,188,0,6.14,0,West
New Mexico,30173,2008,168,0,5.57,0,West
New Mexico,29000,2009,154,0,5.31,0,West
New Mexico,27850,2010,156,0,5.6,0,West
New Mexico,27289,2011,152,0,5.57,0,West
New Mexico,27068,2012,184,0,6.8,0,West
New Mexico,26354,2013,139,0,5.27,0,West
New Mexico,26052,2014,136,0,5.22,0,West
New Mexico,25816,2015,131,0,5.07,0,West
New Mexico,24692,2016,152,0,6.16,0,West
New Mexico,23767,2017,139,0,5.85,0,West
New Mexico,23039,2018,131,0,5.69,0,West
New Mexico,22960,2019,130,0,5.66,0,West
New Mexico,21903,2020,116,0,5.3,0,West
New Mexico,21391,2021,102,0,4.77,0,West
New Mexico,21614,2022,127,0,5.88,0,West
New Mexico,20951,2023,92,0,4.39,0,West
New York,253451,2007,1409,0,5.56,0,Northeast
New York,250384,2008,1381,0,5.52,0,Northeast
New York,248110,2009,1331,0,5.36,0,Northeast
New York,244375,2010,1242,0,5.08,0,Northeast
New York,241312,2011,1236,0,5.12,0,Northeast
New York,240916,2012,1207,0,5.01,0,Northeast
New York,236980,2013,1169,0,4.93,0,Northeast
New York,238773,2014,1102,0,4.62,0,Northeast
New York,237274,2015,1098,0,4.63,0,Northeast
New York,234283,2016,1056,0,4.51,0,Northeast
New York,229737,2017,1053,0,4.58,0,Northeast
New York,226238,2018,979,0,4.33,0,Northeast
New York,221539,2019,959,0,4.33,0,Northeast
New York,209338,2020,855,0,4.08,0,Northeast
New York,210742,2021,876,0,4.16,0,Northeast
New York,207774,2022,885,0,4.26,0,Northeast
New York,203612,2023,821,0,4.03,0,Northeast
North Carolina,131037,2007,1117,0,8.52,0,South
North Carolina,130839,2008,1079,0,8.25,0,South
North Carolina,126845,2009,1004,0,7.92,0,South
North Carolina,122350,2010,867,0,7.09,0,South
North Carolina,120389,2011,867,0,7.2,0,South
North Carolina,119831,2012,886,0,7.39,0,South
North Carolina,119002,2013,832,0,6.99,0,South
North Carolina,120975,2014,864,0,7.14,0,South
North Carolina,120843,2015,888,0,7.35,0,South
North Carolina,120779,2016,874,0,7.24,0,South
North Carolina,120125,2017,845,0,7.03,0,South
North Carolina,118954,2018,803,0,6.75,0,South
North Carolina,118725,2019,805,0,6.78,0,South
North Carolina,116730,2020,790,0,6.77,0,South
North Carolina,120466,2021,809,0,6.72,0,South
North Carolina,121562,2022,825,0,6.79,0,South
North Carolina,120082,2023,834,0,6.95,0,South
North Dakota,8840,2007,67,0,7.58,0,Midwest
North Dakota,8938,2008,52,0,5.82,0,Midwest
North Dakota,9001,2009,57,0,6.33,0,Midwest
North Dakota,9104,2010,62,0,6.81,0,Midwest
North Dakota,9527,2011,62,0,6.51,0,Midwest
North Dakota,10106,2012,64,0,6.33,0,Midwest
North Dakota,10599,2013,64,0,6.04,0,Midwest
North Dakota,11359,2014,58,0,5.11,0,Midwest
North Dakota,11314,2015,81,0,7.16,0,Midwest
North Dakota,11383,2016,73,0,6.41,0,Midwest
North Dakota,10737,2017,47,0,4.38,0,Midwest
North Dakota,10636,2018,60,0,5.64,0,Midwest
North Dakota,10454,2019,78,0,7.46,0,Midwest
North Dakota,10059,2020,55,0,5.47,0,Midwest
North Dakota,10112,2021,28,0,2.77,0,Midwest
North Dakota,9567,2022,42,0,4.39,0,Midwest
North Dakota,9647,2023,47,0,4.87,0,Midwest
Ohio,150879,2007,1172,0,7.77,0,Midwest
Ohio,148821,2008,1146,0,7.7,0,Midwest
Ohio,144841,2009,1116,0,7.71,0,Midwest
Ohio,139128,2010,1074,0,7.72,0,Midwest
Ohio,137918,2011,1102,0,7.99,0,Midwest
Ohio,138483,2012,1034,0,7.47,0,Midwest
Ohio,138936,2013,1019,0,7.33,0,Midwest
Ohio,139467,2014,959,0,6.88,0,Midwest
Ohio,139264,2015,1000,0,7.18,0,Midwest
Ohio,138085,2016,1026,0,7.43,0,Midwest
Ohio,136832,2017,983,0,7.18,0,Midwest
Ohio,135134,2018,938,0,6.94,0,Midwest
Ohio,134461,2019,927,0,6.89,0,Midwest
Ohio,129191,2020,865,0,6.7,0,Midwest
Ohio,129791,2021,916,0,7.06,0,Midwest
Ohio,128231,2022,912,0,7.11,0,Midwest
Ohio,126896,2023,909,0,7.16,0,Midwest
Oklahoma,55065,2007,463,0,8.41,0,South
Oklahoma,54781,2008,394,0,7.19,0,South
Oklahoma,54553,2009,431,0,7.9,0,South
Oklahoma,53238,2010,399,0,7.49,0,South
Oklahoma,52272,2011,380,0,7.27,0,South
Oklahoma,52751,2012,397,0,7.53,0,South
Oklahoma,53369,2013,359,0,6.73,0,South
Oklahoma,53339,2014,438,0,8.21,0,South
Oklahoma,53122,2015,389,0,7.32,0,South
Oklahoma,52592,2016,393,0,7.47,0,South
Oklahoma,50214,2017,391,0,7.79,0,South
Oklahoma,49800,2018,353,0,7.09,0,South
Oklahoma,49143,2019,344,0,7,0,South
Oklahoma,47623,2020,281,0,5.9,0,South
Oklahoma,48410,2021,345,0,7.13,0,South
Oklahoma,48332,2022,333,0,6.89,0,South
Oklahoma,47909,2023,341,0,7.12,0,South
Oregon,49378,2007,282,0,5.71,0,West
Oregon,49096,2008,252,0,5.13,0,West
Oregon,47132,2009,229,0,4.86,0,West
Oregon,45540,2010,226,0,4.96,0,West
Oregon,45155,2011,206,0,4.56,0,West
Oregon,45067,2012,241,0,5.35,0,West
Oregon,45155,2013,223,0,4.94,0,West
Oregon,45556,2014,232,0,5.09,0,West
Oregon,45655,2015,235,0,5.15,0,West
Oregon,45535,2016,214,0,4.7,0,West
Oregon,43631,2017,233,0,5.34,0,West
Oregon,42188,2018,178,0,4.22,0,West
Oregon,41858,2019,203,0,4.85,0,West
Oregon,39820,2020,168,0,4.22,0,West
Oregon,40914,2021,155,0,3.79,0,West
Oregon,39493,2022,177,0,4.48,0,West
Oregon,38298,2023,177,0,4.62,0,West
Pennsylvania,150713,2007,1135,0,7.53,0,Northeast
Pennsylvania,149273,2008,1101,0,7.38,0,Northeast
Pennsylvania,146434,2009,1040,0,7.1,0,Northeast
Pennsylvania,143321,2010,1036,0,7.23,0,Northeast
Pennsylvania,143178,2011,929,0,6.49,0,Northeast
Pennsylvania,142514,2012,1005,0,7.05,0,Northeast
Pennsylvania,140921,2013,937,0,6.65,0,Northeast
Pennsylvania,142268,2014,838,0,5.89,0,Northeast
Pennsylvania,141047,2015,867,0,6.15,0,Northeast
Pennsylvania,139409,2016,857,0,6.15,0,Northeast
Pennsylvania,137745,2017,837,0,6.08,0,Northeast
Pennsylvania,135673,2018,806,0,5.94,0,Northeast
Pennsylvania,134230,2019,796,0,5.93,0,Northeast
Pennsylvania,130693,2020,729,0,5.58,0,Northeast
Pennsylvania,132622,2021,712,0,5.37,0,Northeast
Pennsylvania,130252,2022,741,0,5.69,0,Northeast
Pennsylvania,126951,2023,707,0,5.57,0,Northeast
Rhode Island,12376,2007,90,0,7.27,0,Northeast
Rhode Island,12048,2008,71,0,5.89,0,Northeast
Rhode Island,11442,2009,67,0,5.86,0,Northeast
Rhode Island,11177,2010,80,0,7.16,0,Northeast
Rhode Island,10960,2011,70,0,6.39,0,Northeast
Rhode Island,10926,2012,71,0,6.5,0,Northeast
Rhode Island,10809,2013,70,0,6.48,0,Northeast
Rhode Island,10823,2014,48,0,4.43,0,Northeast
Rhode Island,10993,2015,65,0,5.91,0,Northeast
Rhode Island,10798,2016,60,0,5.56,0,Northeast
Rhode Island,10638,2017,66,0,6.2,0,Northeast
Rhode Island,10506,2018,52,0,4.95,0,Northeast
Rhode Island,10175,2019,60,0,5.9,0,Northeast
Rhode Island,10101,2020,40,0,3.96,0,Northeast
Rhode Island,10464,2021,45,0,4.3,0,Northeast
Rhode Island,10269,2022,40,0,3.9,0,Northeast
Rhode Island,9805,2023,47,0,4.79,0,Northeast
South Carolina,62875,2007,535,0,8.51,0,South
South Carolina,63071,2008,508,0,8.05,0,South
South Carolina,60620,2009,423,0,6.98,0,South
South Carolina,58342,2010,428,0,7.34,0,South
South Carolina,57393,2011,420,0,7.32,0,South
South Carolina,57155,2012,428,0,7.49,0,South
South Carolina,56795,2013,390,0,6.87,0,South
South Carolina,57627,2014,371,0,6.44,0,South
South Carolina,58139,2015,402,0,6.91,0,South
South Carolina,57342,2016,402,0,7.01,0,South
South Carolina,57029,2017,372,0,6.52,0,South
South Carolina,56669,2018,403,0,7.11,0,South
South Carolina,57038,2019,393,0,6.89,0,South
South Carolina,55704,2020,370,0,6.64,0,South
South Carolina,57185,2021,415,0,7.26,0,South
South Carolina,57820,2022,391,0,6.76,0,South
South Carolina,57729,2023,402,0,6.96,0,South
South Dakota,12261,2007,77,0,6.28,0,Midwest
South Dakota,12072,2008,100,0,8.28,0,Midwest
South Dakota,11934,2009,80,0,6.7,0,Midwest
South Dakota,11811,2010,84,0,7.11,0,Midwest
South Dakota,11846,2011,72,0,6.08,0,Midwest
South Dakota,12104,2012,101,0,8.34,0,Midwest
South Dakota,12248,2013,79,0,6.45,0,Midwest
South Dakota,12283,2014,70,0,5.7,0,Midwest
South Dakota,12336,2015,90,0,7.3,0,Midwest
South Dakota,12275,2016,60,0,4.89,0,Midwest
South Dakota,12134,2017,94,0,7.75,0,Midwest
South Dakota,11893,2018,70,0,5.89,0,Midwest
South Dakota,11449,2019,80,0,6.99,0,Midwest
South Dakota,10960,2020,80,0,7.3,0,Midwest
South Dakota,11369,2021,69,0,6.07,0,Midwest
South Dakota,11201,2022,87,0,7.77,0,Midwest
South Dakota,11201,2023,71,0,6.34,0,Midwest
Tennessee,86711,2007,720,0,8.3,0,South
Tennessee,85560,2008,698,0,8.16,0,South
Tennessee,82211,2009,657,0,7.99,0,South
Tennessee,79495,2010,626,0,7.87,0,South
Tennessee,79588,2011,592,0,7.44,0,South
Tennessee,80371,2012,582,0,7.24,0,South
Tennessee,79992,2013,544,0,6.8,0,South
Tennessee,81602,2014,561,0,6.87,0,South
Tennessee,81685,2015,568,0,6.95,0,South
Tennessee,80807,2016,594,0,7.35,0,South
Tennessee,81016,2017,591,0,7.29,0,South
Tennessee,80751,2018,556,0,6.89,0,South
Tennessee,80450,2019,560,0,6.96,0,South
Tennessee,78689,2020,502,0,6.38,0,South
Tennessee,81717,2021,505,0,6.18,0,South
Tennessee,82265,2022,544,0,6.61,0,South
Tennessee,83021,2023,538,0,6.48,0,South
Texas,407625,2007,2567,0,6.3,0,South
Texas,405554,2008,2501,0,6.17,0,South
Texas,401977,2009,2403,0,5.98,0,South
Texas,386118,2010,2373,0,6.15,0,South
Texas,377445,2011,2135,0,5.66,0,South
Texas,382727,2012,2231,0,5.83,0,South
Texas,387340,2013,2255,0,5.82,0,South
Texas,399766,2014,2337,0,5.85,0,South
Texas,403618,2015,2305,0,5.71,0,South
Texas,398047,2016,2277,0,5.72,0,South
Texas,382050,2017,2236,0,5.85,0,South
Texas,378624,2018,2075,0,5.48,0,South
Texas,377599,2019,2069,0,5.48,0,South
Texas,368190,2020,1946,0,5.29,0,South
Texas,373594,2021,1977,0,5.29,0,South
Texas,389741,2022,2228,0,5.72,0,South
Texas,387945,2023,2263,0,5.83,0,South
Utah,55130,2007,277,0,5.02,0,West
Utah,55634,2008,261,0,4.69,0,West
Utah,53887,2009,284,0,5.27,0,West
Utah,52258,2010,254,0,4.86,0,West
Utah,51223,2011,281,0,5.49,0,West
Utah,51465,2012,248,0,4.82,0,West
Utah,50957,2013,264,0,5.18,0,West
Utah,51154,2014,251,0,4.91,0,West
Utah,50778,2015,255,0,5.02,0,West
Utah,50464,2016,274,0,5.43,0,West
Utah,48585,2017,286,0,5.89,0,West
Utah,47209,2018,259,0,5.49,0,West
Utah,46826,2019,247,0,5.27,0,West
Utah,45702,2020,248,0,5.43,0,West
Utah,46712,2021,214,0,4.58,0,West
Utah,45768,2022,230,0,5.03,0,West
Utah,45019,2023,235,0,5.22,0,West
Vermont,6513,2007,33,0,5.07,0,Northeast
Vermont,6339,2008,29,0,4.57,0,Northeast
Vermont,6110,2009,38,0,6.22,0,Northeast
Vermont,6223,2010,26,0,4.18,0,Northeast
Vermont,6078,2011,30,0,4.94,0,Northeast
Vermont,6009,2012,26,0,4.33,0,Northeast
Vermont,5975,2013,26,0,4.35,0,Northeast
Vermont,6130,2014,28,0,4.57,0,Northeast
Vermont,5903,2015,27,0,4.57,0,Northeast
Vermont,5756,2016,20,0,3.47,0,Northeast
Vermont,5655,2017,27,0,4.77,0,Northeast
Vermont,5432,2018,35,0,6.44,0,Northeast
Vermont,5361,2019,15,0,2.8,1,Northeast
Vermont,5133,2020,18,0,3.51,1,Northeast
Vermont,5384,2021,17,0,3.16,1,Northeast
Vermont,5316,2022,26,0,4.89,0,Northeast
Vermont,5065,2023,16,0,3.16,1,Northeast
Virginia,108884,2007,842,0,7.73,0,South
Virginia,106686,2008,734,0,6.88,0,South
Virginia,105059,2009,750,0,7.14,0,South
Virginia,103002,2010,703,0,6.83,0,South
Virginia,102652,2011,697,0,6.79,0,South
Virginia,103013,2012,668,0,6.48,0,South
Virginia,102147,2013,631,0,6.18,0,South
Virginia,103300,2014,584,0,5.65,0,South
Virginia,103303,2015,610,0,5.9,0,South
Virginia,102460,2016,599,0,5.85,0,South
Virginia,100391,2017,592,0,5.9,0,South
Virginia,99843,2018,560,0,5.61,0,South
Virginia,97429,2019,566,0,5.81,0,South
Virginia,94749,2020,546,0,5.76,0,South
Virginia,95825,2021,571,0,5.96,0,South
Virginia,95630,2022,594,0,6.21,0,South
Virginia,92649,2023,544,0,5.87,0,South
Washington,88978,2007,434,0,4.88,0,West
Washington,90321,2008,492,0,5.45,0,West
Washington,89313,2009,439,0,4.92,0,West
Washington,86539,2010,388,0,4.48,0,West
Washington,86976,2011,396,0,4.55,0,West
Washington,87463,2012,460,0,5.26,0,West
Washington,86577,2013,392,0,4.53,0,West
Washington,88585,2014,397,0,4.48,0,West
Washington,88990,2015,434,0,4.88,0,West
Washington,90505,2016,391,0,4.32,0,West
Washington,87562,2017,340,0,3.88,0,West
Washington,86085,2018,404,0,4.69,0,West
Washington,84895,2019,362,0,4.26,0,West
Washington,83086,2020,375,0,4.51,0,West
Washington,83911,2021,366,0,4.36,0,West
Washington,83333,2022,362,0,4.34,0,West
Washington,80932,2023,408,0,5.04,0,West
West Virginia,21994,2007,160,0,7.27,0,South
West Virginia,21501,2008,167,0,7.77,0,South
West Virginia,21268,2009,163,0,7.66,0,South
West Virginia,20470,2010,150,0,7.33,0,South
West Virginia,20717,2011,136,0,6.56,0,South
West Virginia,20827,2012,149,0,7.15,0,South
West Virginia,20825,2013,159,0,7.64,0,South
West Virginia,20301,2014,141,0,6.95,0,South
West Virginia,19805,2015,141,0,7.12,0,South
West Virginia,19079,2016,138,0,7.23,0,South
West Virginia,18675,2017,130,0,6.96,0,South
West Virginia,18248,2018,127,0,6.96,0,South
West Virginia,18136,2019,111,0,6.12,0,South
West Virginia,17323,2020,127,0,7.33,0,South
West Virginia,17198,2021,117,0,6.8,0,South
West Virginia,16929,2022,124,0,7.32,0,South
West Virginia,16606,2023,93,0,5.6,0,South
Wisconsin,72784,2007,467,0,6.42,0,Midwest
Wisconsin,72261,2008,500,0,6.92,0,Midwest
Wisconsin,70843,2009,424,0,5.99,0,Midwest
Wisconsin,68487,2010,400,0,5.84,0,Midwest
Wisconsin,67810,2011,423,0,6.24,0,Midwest
Wisconsin,67295,2012,382,0,5.68,0,Midwest
Wisconsin,66649,2013,417,0,6.26,0,Midwest
Wisconsin,67161,2014,384,0,5.72,0,Midwest
Wisconsin,67041,2015,389,0,5.8,0,Midwest
Wisconsin,66615,2016,420,0,6.3,0,Midwest
Wisconsin,64975,2017,415,0,6.39,0,Midwest
Wisconsin,64098,2018,392,0,6.12,0,Midwest
Wisconsin,63270,2019,371,0,5.86,0,Midwest
Wisconsin,60594,2020,360,0,5.94,0,Midwest
Wisconsin,61781,2021,331,0,5.36,0,Midwest
Wisconsin,60049,2022,348,0,5.8,0,Midwest
Wisconsin,59754,2023,345,0,5.77,0,Midwest
Wyoming,7893,2007,58,0,7.35,0,West
Wyoming,8038,2008,56,0,6.97,0,West
Wyoming,7881,2009,47,0,5.96,0,West
Wyoming,7556,2010,52,0,6.88,0,West
Wyoming,7399,2011,49,0,6.62,0,West
Wyoming,7572,2012,42,0,5.55,0,West
Wyoming,7644,2013,37,0,4.84,0,West
Wyoming,7696,2014,49,0,6.37,0,West
Wyoming,7765,2015,38,0,4.89,0,West
Wyoming,7386,2016,37,0,5.01,0,West
Wyoming,6903,2017,32,0,4.64,0,West
Wyoming,6562,2018,35,0,5.33,0,West
Wyoming,6565,2019,47,0,7.16,0,West
Wyoming,6128,2020,32,0,5.22,0,West
Wyoming,6237,2021,34,0,5.45,0,West
Wyoming,6049,2022,34,0,5.62,0,West
Wyoming,5990,2023,23,0,3.84,0,West
