Notes,State,State Code,Year of Death,Year of Death Code,Deaths,Births,Death Rate
,Alabama,01,2007,2007,644,64804,9.94
,Alabama,01,2008,2008,611,64546,9.47
,Alabama,01,2009,2009,517,62475,8.28
,Alabama,01,2010,2010,524,60050,8.73
,Alabama,01,2011,2011,488,59354,8.22
,Alabama,01,2012,2012,519,58448,8.88
,Alabama,01,2013,2013,500,58167,8.6
,Alabama,01,2014,2014,515,59422,8.67
,Alabama,01,2015,2015,496,59657,8.31
,Alabama,01,2016,2016,534,59151,9.03
,Alabama,01,2017,2017,435,58941,7.38
,Alabama,01,2018,2018,401,57761,6.94
,Alabama,01,2019,2019,452,58615,7.71
,Alabama,01,2020,2020,403,57647,6.99
,Alabama,01,2021,2021,439,58054,7.56
,Alabama,01,2022,2022,389,58149,6.69
,Alabama,01,2023,2023,442,57858,7.64
Total,Alabama,01,,,8310,1013099,8.2
,Alaska,02,2007,2007,73,11052,6.61
,Alaska,02,2008,2008,69,11442,6.03
,Alaska,02,2009,2009,78,11324,6.89
,Alaska,02,2010,2010,41,11471,3.57
,Alaska,02,2011,2011,44,11456,3.84
,Alaska,02,2012,2012,57,11187,5.1
,Alaska,02,2013,2013,66,11446,5.77
,Alaska,02,2014,2014,76,11392,6.67
,Alaska,02,2015,2015,78,11282,6.91
,Alaska,02,2016,2016,58,11209,5.17
,Alaska,02,2017,2017,60,10445,5.74
,Alaska,02,2018,2018,63,10086,6.25
,Alaska,02,2019,2019,49,9822,4.99
,Alaska,02,2020,2020,48,9469,5.07
,Alaska,02,2021,2021,69,9367,7.37
,Alaska,02,2022,2022,62,9359,6.62
,Alaska,02,2023,2023,65,9015,7.21
Total,Alaska,02,,,1056,180824,5.84
,Arizona,04,2007,2007,707,102981,6.87
,Arizona,04,2008,2008,635,99442,6.39
,Arizona,04,2009,2009,554,92798,5.97
,Arizona,04,2010,2010,520,87477,5.94
,Arizona,04,2011,2011,511,85543,5.97
,Arizona,04,2012,2012,500,86441,5.78
,Arizona,04,2013,2013,449,85600,5.25
,Arizona,04,2014,2014,530,86887,6.1
,Arizona,04,2015,2015,467,85351,5.47
,Arizona,04,2016,2016,450,84520,5.32
,Arizona,04,2017,2017,467,81872,5.7
,Arizona,04,2018,2018,461,80723,5.71
,Arizona,04,2019,2019,431,79375,5.43
,Arizona,04,2020,2020,399,76947,5.19
,Arizona,04,2021,2021,426,77916,5.47
,Arizona,04,2022,2022,485,78547,6.17
,Arizona,04,2023,2023,433,78096,5.54
Total,Arizona,04,,,8425,1450516,5.81
,Arkansas,05,2007,2007,323,41378,7.81
,Arkansas,05,2008,2008,300,40669,7.38
,Arkansas,05,2009,2009,301,39808,7.56
,Arkansas,05,2010,2010,279,38540,7.24
,Arkansas,05,2011,2011,282,38715,7.28
,Arkansas,05,2012,2012,271,38347,7.07
,Arkansas,05,2013,2013,297,37832,7.85
,Arkansas,05,2014,2014,288,38511,7.48
,Arkansas,05,2015,2015,293,38886,7.53
,Arkansas,05,2016,2016,314,38274,8.2
,Arkansas,05,2017,2017,304,37520,8.1
,Arkansas,05,2018,2018,278,37018,7.51
,Arkansas,05,2019,2019,256,36564,7
,Arkansas,05,2020,2020,260,35251,7.38
,Arkansas,05,2021,2021,309,35965,8.59
,Arkansas,05,2022,2022,272,35471,7.67
,Arkansas,05,2023,2023,290,35264,8.22
Total,Arkansas,05,,,4921,644013,7.64
,California,06,2007,2007,2947,566414,5.2
,California,06,2008,2008,2822,551804,5.11
,California,06,2009,2009,2590,527020,4.91
,California,06,2010,2010,2417,510198,4.74
,California,06,2011,2011,2403,502120,4.79
,California,06,2012,2012,2244,503755,4.45
,California,06,2013,2013,2354,494705,4.76
,California,06,2014,2014,2173,502879,4.32
,California,06,2015,2015,2178,491748,4.43
,California,06,2016,2016,2063,488827,4.22
,California,06,2017,2017,1981,471658,4.2
,California,06,2018,2018,1917,454920,4.21
,California,06,2019,2019,1889,446479,4.23
,California,06,2020,2020,1648,420259,3.92
,California,06,2021,2021,1713,420608,4.07
,California,06,2022,2022,1724,419104,4.11
,California,06,2023,2023,1642,400108,4.1
Total,California,06,,,36702,8172606,4.49
,Colorado,08,2007,2007,434,70809,6.13
,Colorado,08,2008,2008,435,70031,6.21
,Colorado,08,2009,2009,428,68628,6.24
,Colorado,08,2010,2010,392,66355,5.91
,Colorado,08,2011,2011,358,65055,5.5
,Colorado,08,2012,2012,297,65187,4.56
,Colorado,08,2013,2013,333,65007,5.12
,Colorado,08,2014,2014,315,65830,4.79
,Colorado,08,2015,2015,310,66581,4.66
,Colorado,08,2016,2016,317,66613,4.76
,Colorado,08,2017,2017,289,64382,4.49
,Colorado,08,2018,2018,299,62885,4.75
,Colorado,08,2019,2019,305,62869,4.85
,Colorado,08,2020,2020,295,61494,4.8
,Colorado,08,2021,2021,314,62949,4.99
,Colorado,08,2022,2022,283,62383,4.54
,Colorado,08,2023,2023,280,61494,4.55
Total,Colorado,08,,,5685,1108552,5.13
,Connecticut,09,2007,2007,279,41660,6.7
,Connecticut,09,2008,2008,239,40399,5.92
,Connecticut,09,2009,2009,216,38896,5.55
,Connecticut,09,2010,2010,200,37708,5.3
,Connecticut,09,2011,2011,192,37281,5.15
,Connecticut,09,2012,2012,192,36539,5.25
,Connecticut,09,2013,2013,173,36085,4.79
,Connecticut,09,2014,2014,175,36285,4.82
,Connecticut,09,2015,2015,202,35746,5.65
,Connecticut,09,2016,2016,172,36015,4.78
,Connecticut,09,2017,2017,159,35221,4.51
,Connecticut,09,2018,2018,146,34725,4.2
,Connecticut,09,2019,2019,150,34258,4.38
,Connecticut,09,2020,2020,145,33460,4.33
,Connecticut,09,2021,2021,166,35670,4.65
,Connecticut,09,2022,2022,150,35332,4.25
,Connecticut,09,2023,2023,155,34559,4.49
Total,Connecticut,09,,,3111,619839,5.02
,Delaware,10,2007,2007,93,12170,7.64
,Delaware,10,2008,2008,101,12090,8.35
,Delaware,10,2009,2009,92,11559,7.96
,Delaware,10,2010,2010,85,11364,7.48
,Delaware,10,2011,2011,100,11257,8.88
,Delaware,10,2012,2012,84,11023,7.62
,Delaware,10,2013,2013,69,10831,6.37
,Delaware,10,2014,2014,74,10972,6.74
,Delaware,10,2015,2015,102,11166,9.13
,Delaware,10,2016,2016,86,10992,7.82
,Delaware,10,2017,2017,68,10855,6.26
,Delaware,10,2018,2018,63,10621,5.93
,Delaware,10,2019,2019,68,10562,6.44
,Delaware,10,2020,2020,53,10392,5.1
,Delaware,10,2021,2021,50,10482,4.77
,Delaware,10,2022,2022,81,10816,7.49
,Delaware,10,2023,2023,64,10427,6.14
Total,Delaware,10,,,1333,187579,7.11
,District of Columbia,11,2007,2007,115,8864,12.97
,District of Columbia,11,2008,2008,102,9130,11.17
,District of Columbia,11,2009,2009,94,9040,10.4
,District of Columbia,11,2010,2010,70,9165,7.64
,District of Columbia,11,2011,2011,69,9295,7.42
,District of Columbia,11,2012,2012,74,9399,7.87
,District of Columbia,11,2013,2013,62,9288,6.68
,District of Columbia,11,2014,2014,71,9509,7.47
,District of Columbia,11,2015,2015,84,9578,8.77
,District of Columbia,11,2016,2016,71,9858,7.2
,District of Columbia,11,2017,2017,78,9560,8.16
,District of Columbia,11,2018,2018,68,9212,7.38
,District of Columbia,11,2019,2019,45,9079,4.96
,District of Columbia,11,2020,2020,46,8874,5.18
,District of Columbia,11,2021,2021,59,8660,6.81
,District of Columbia,11,2022,2022,44,8075,5.45
,District of Columbia,11,2023,2023,55,7896,6.97
Total,District of Columbia,11,,,1206,154482,7.81
,Florida,12,2007,2007,1694,239165,7.08
,Florida,12,2008,2008,1684,231445,7.28
,Florida,12,2009,2009,1527,221394,6.9
,Florida,12,2010,2010,1397,214590,6.51
,Florida,12,2011,2011,1379,213414,6.46
,Florida,12,2012,2012,1306,213148,6.13
,Florida,12,2013,2013,1322,215407,6.14
,Florida,12,2014,2014,1344,219991,6.11
,Florida,12,2015,2015,1399,224269,6.24
,Florida,12,2016,2016,1382,225022,6.14
,Florida,12,2017,2017,1364,223630,6.1
,Florida,12,2018,2018,1339,221542,6.04
,Florida,12,2019,2019,1342,220002,6.1
,Florida,12,2020,2020,1217,209671,5.8
,Florida,12,2021,2021,1275,216260,5.9
,Florida,12,2022,2022,1342,224433,5.98
,Florida,12,2023,2023,1351,221410,6.1
Total,Florida,12,,,23665,3754793,6.3
,Georgia,13,2007,2007,1210,151137,8.01
,Georgia,13,2008,2008,1171,146603,7.99
,Georgia,13,2009,2009,1036,141377,7.33
,Georgia,13,2010,2010,849,133947,6.34
,Georgia,13,2011,2011,908,132409,6.86
,Georgia,13,2012,2012,812,130280,6.23
,Georgia,13,2013,2013,899,128748,6.98
,Georgia,13,2014,2014,985,130946,7.52
,Georgia,13,2015,2015,1024,131404,7.79
,Georgia,13,2016,2016,972,130042,7.47
,Georgia,13,2017,2017,928,129243,7.18
,Georgia,13,2018,2018,889,126172,7.05
,Georgia,13,2019,2019,887,126371,7.02
,Georgia,13,2020,2020,769,122473,6.28
,Georgia,13,2021,2021,776,124073,6.25
,Georgia,13,2022,2022,893,126130,7.08
,Georgia,13,2023,2023,874,125120,6.99
Total,Georgia,13,,,15881,2236475,7.1
,Hawaii,15,2007,2007,127,19134,6.64
,Hawaii,15,2008,2008,110,19484,5.65
,Hawaii,15,2009,2009,112,18887,5.93
,Hawaii,15,2010,2010,118,18988,6.21
,Hawaii,15,2011,2011,100,18956,5.28
,Hawaii,15,2012,2012,92,18980,4.85
,Hawaii,15,2013,2013,121,18987,6.37
,Hawaii,15,2014,2014,83,18550,4.47
,Hawaii,15,2015,2015,104,18420,5.65
,Hawaii,15,2016,2016,109,18059,6.04
,Hawaii,15,2017,2017,95,17517,5.42
,Hawaii,15,2018,2018,115,16972,6.78
,Hawaii,15,2019,2019,86,16797,5.12
,Hawaii,15,2020,2020,77,15785,4.88
,Hawaii,15,2021,2021,73,15620,4.67
,Hawaii,15,2022,2022,90,15535,5.79
,Hawaii,15,2023,2023,72,14808,4.86
Total,Hawaii,15,,,1684,301479,5.59
,Idaho,16,2007,2007,171,25019,6.83
,Idaho,16,2008,2008,144,25149,5.73
,Idaho,16,2009,2009,130,23737,5.48
,Idaho,16,2010,2010,111,23198,4.78
,Idaho,16,2011,2011,113,22305,5.07
,Idaho,16,2012,2012,125,22963,5.44
,Idaho,16,2013,2013,126,22383,5.63
,Idaho,16,2014,2014,122,22876,5.33
,Idaho,16,2015,2015,107,22827,4.69
,Idaho,16,2016,2016,131,22482,5.83
,Idaho,16,2017,2017,101,22181,4.55
,Idaho,16,2018,2018,108,21403,5.05
,Idaho,16,2019,2019,95,22063,4.31
,Idaho,16,2020,2020,109,21533,5.06
,Idaho,16,2021,2021,115,22427,5.13
,Idaho,16,2022,2022,118,22391,5.27
,Idaho,16,2023,2023,98,22397,4.38
Total,Idaho,16,,,2025,387334,5.23
,Illinois,17,2007,2007,1229,180836,6.8
,Illinois,17,2008,2008,1273,176797,7.2
,Illinois,17,2009,2009,1185,171163,6.92
,Illinois,17,2010,2010,1130,165200,6.84
,Illinois,17,2011,2011,1058,161312,6.56
,Illinois,17,2012,2012,1036,159160,6.51
,Illinois,17,2013,2013,937,156931,5.97
,Illinois,17,2014,2014,1043,158556,6.58
,Illinois,17,2015,2015,948,158116,6
,Illinois,17,2016,2016,985,154445,6.38
,Illinois,17,2017,2017,915,149390,6.12
,Illinois,17,2018,2018,949,144815,6.55
,Illinois,17,2019,2019,794,140128,5.67
,Illinois,17,2020,2020,733,133298,5.5
,Illinois,17,2021,2021,743,132189,5.62
,Illinois,17,2022,2022,718,128350,5.59
,Illinois,17,2023,2023,738,124820,5.91
Total,Illinois,17,,,16417,2595506,6.33
,Indiana,18,2007,2007,681,89864,7.58
,Indiana,18,2008,2008,607,88742,6.84
,Indiana,18,2009,2009,678,86673,7.82
,Indiana,18,2010,2010,640,83940,7.62
,Indiana,18,2011,2011,638,83701,7.62
,Indiana,18,2012,2012,558,83227,6.7
,Indiana,18,2013,2013,602,83102,7.24
,Indiana,18,2014,2014,595,84080,7.08
,Indiana,18,2015,2015,614,84040,7.31
,Indiana,18,2016,2016,614,83091,7.39
,Indiana,18,2017,2017,593,82170,7.22
,Indiana,18,2018,2018,549,81646,6.72
,Indiana,18,2019,2019,529,80859,6.54
,Indiana,18,2020,2020,531,78616,6.75
,Indiana,18,2021,2021,540,79946,6.75
,Indiana,18,2022,2022,570,79649,7.16
,Indiana,18,2023,2023,514,79000,6.51
Total,Indiana,18,,,10055,1412346,7.12
,Iowa,19,2007,2007,224,40886,5.48
,Iowa,19,2008,2008,229,40224,5.69
,Iowa,19,2009,2009,183,39701,4.61
,Iowa,19,2010,2010,188,38719,4.86
,Iowa,19,2011,2011,181,38214,4.74
,Iowa,19,2012,2012,206,38702,5.32
,Iowa,19,2013,2013,166,39094,4.25
,Iowa,19,2014,2014,189,39687,4.76
,Iowa,19,2015,2015,167,39482,4.23
,Iowa,19,2016,2016,235,39403,5.96
,Iowa,19,2017,2017,204,38430,5.31
,Iowa,19,2018,2018,188,37785,4.98
,Iowa,19,2019,2019,189,37649,5.02
,Iowa,19,2020,2020,160,36114,4.43
,Iowa,19,2021,2021,147,36835,3.99
,Iowa,19,2022,2022,190,36506,5.2
,Iowa,19,2023,2023,184,36052,5.1
Total,Iowa,19,,,3232,653483,4.95
,Kansas,20,2007,2007,336,42004,8
,Kansas,20,2008,2008,307,41833,7.34
,Kansas,20,2009,2009,294,41396,7.1
,Kansas,20,2010,2010,252,40649,6.2
,Kansas,20,2011,2011,247,39642,6.23
,Kansas,20,2012,2012,254,40341,6.3
,Kansas,20,2013,2013,252,38839,6.49
,Kansas,20,2014,2014,243,39223,6.2
,Kansas,20,2015,2015,233,39154,5.95
,Kansas,20,2016,2016,228,38053,5.99
,Kansas,20,2017,2017,220,36519,6.02
,Kansas,20,2018,2018,231,36261,6.37
,Kansas,20,2019,2019,192,35395,5.42
,Kansas,20,2020,2020,227,34376,6.6
,Kansas,20,2021,2021,184,34705,5.3
,Kansas,20,2022,2022,200,34401,5.81
,Kansas,20,2023,2023,178,34065,5.23
Total,Kansas,20,,,4080,646856,6.31
,Kentucky,21,2007,2007,397,59368,6.69
,Kentucky,21,2008,2008,404,58376,6.92
,Kentucky,21,2009,2009,393,57551,6.83
,Kentucky,21,2010,2010,380,55784,6.81
,Kentucky,21,2011,2011,356,55370,6.43
,Kentucky,21,2012,2012,401,55758,7.19
,Kentucky,21,2013,2013,356,55686,6.39
,Kentucky,21,2014,2014,400,56170,7.12
,Kentucky,21,2015,2015,375,55971,6.7
,Kentucky,21,2016,2016,376,55449,6.78
,Kentucky,21,2017,2017,361,54752,6.59
,Kentucky,21,2018,2018,326,53922,6.05
,Kentucky,21,2019,2019,260,53069,4.9
,Kentucky,21,2020,2020,332,51668,6.43
,Kentucky,21,2021,2021,321,52214,6.15
,Kentucky,21,2022,2022,302,52315,5.77
,Kentucky,21,2023,2023,342,51984,6.58
Total,Kentucky,21,,,6083,935407,6.5
,Louisiana,22,2007,2007,608,66301,9.17
,Louisiana,22,2008,2008,590,65270,9.04
,Louisiana,22,2009,2009,573,64973,8.82
,Louisiana,22,2010,2010,471,62379,7.55
,Louisiana,22,2011,2011,509,61888,8.22
,Louisiana,22,2012,2012,509,62642,8.13
,Louisiana,22,2013,2013,549,63201,8.69
,Louisiana,22,2014,2014,485,64497,7.52
,Louisiana,22,2015,2015,489,64692,7.56
,Louisiana,22,2016,2016,504,63178,7.98
,Louisiana,22,2017,2017,431,61018,7.06
,Louisiana,22,2018,2018,456,59615,7.65
,Louisiana,22,2019,2019,470,58941,7.97
,Louisiana,22,2020,2020,435,57328,7.59
,Louisiana,22,2021,2021,416,57437,7.24
,Louisiana,22,2022,2022,416,56479,7.37
,Louisiana,22,2023,2023,392,54927,7.14
Total,Louisiana,22,,,8304,1044766,7.95
,Maine,23,2007,2007,90,14120,6.37
,Maine,23,2008,2008,74,13609,5.44
,Maine,23,2009,2009,77,13470,5.72
,Maine,23,2010,2010,70,12970,5.4
,Maine,23,2011,2011,85,12704,6.69
,Maine,23,2012,2012,89,12798,6.95
,Maine,23,2013,2013,91,12776,7.12
,Maine,23,2014,2014,84,12698,6.62
,Maine,23,2015,2015,83,12607,6.58
,Maine,23,2016,2016,73,12705,5.75
,Maine,23,2017,2017,72,12298,5.85
,Maine,23,2018,2018,68,12311,5.52
,Maine,23,2019,2019,64,11779,5.43
,Maine,23,2020,2020,73,11539,6.33
,Maine,23,2021,2021,60,12006,5
,Maine,23,2022,2022,77,12093,6.37
,Maine,23,2023,2023,66,11627,5.68
Total,Maine,23,,,1296,214110,6.05
,Maryland,24,2007,2007,626,78095,8.02
,Maryland,24,2008,2008,615,77289,7.96
,Maryland,24,2009,2009,542,75059,7.22
,Maryland,24,2010,2010,504,73801,6.83
,Maryland,24,2011,2011,498,73093,6.81
,Maryland,24,2012,2012,463,72883,6.35
,Maryland,24,2013,2013,477,71953,6.63
,Maryland,24,2014,2014,480,73921,6.49
,Maryland,24,2015,2015,485,73616,6.59
,Maryland,24,2016,2016,478,73136,6.54
,Maryland,24,2017,2017,461,71641,6.43
,Maryland,24,2018,2018,428,71080,6.02
,Maryland,24,2019,2019,410,70178,5.84
,Maryland,24,2020,2020,393,68554,5.73
,Maryland,24,2021,2021,409,68285,5.99
,Maryland,24,2022,2022,415,68782,6.03
,Maryland,24,2023,2023,368,65594,5.61
Total,Maryland,24,,,8053,1226960,6.56
,Massachusetts,25,2007,2007,385,77967,4.94
,Massachusetts,25,2008,2008,388,77022,5.04
,Massachusetts,25,2009,2009,382,75016,5.09
,Massachusetts,25,2010,2010,320,72865,4.39
,Massachusetts,25,2011,2011,311,73166,4.25
,Massachusetts,25,2012,2012,305,72439,4.21
,Massachusetts,25,2013,2013,300,71788,4.18
,Massachusetts,25,2014,2014,311,71908,4.32
,Massachusetts,25,2015,2015,309,71492,4.32
,Massachusetts,25,2016,2016,281,71317,3.94
,Massachusetts,25,2017,2017,259,70702,3.66
,Massachusetts,25,2018,2018,289,69109,4.18
,Massachusetts,25,2019,2019,258,69117,3.73
,Massachusetts,25,2020,2020,262,66428,3.94
,Massachusetts,25,2021,2021,223,69137,3.23
,Massachusetts,25,2022,2022,228,68584,3.32
,Massachusetts,25,2023,2023,220,67093,3.28
Total,Massachusetts,25,,,5030,1215150,4.14
,Michigan,26,2007,2007,994,125261,7.94
,Michigan,26,2008,2008,896,121127,7.4
,Michigan,26,2009,2009,892,117294,7.6
,Michigan,26,2010,2010,816,114531,7.12
,Michigan,26,2011,2011,746,114008,6.54
,Michigan,26,2012,2012,784,113091,6.93
,Michigan,26,2013,2013,800,113489,7.05
,Michigan,26,2014,2014,739,114375,6.46
,Michigan,26,2015,2015,739,113312,6.52
,Michigan,26,2016,2016,727,113315,6.42
,Michigan,26,2017,2017,755,111426,6.78
,Michigan,26,2018,2018,684,110032,6.22
,Michigan,26,2019,2019,688,107886,6.38
,Michigan,26,2020,2020,708,104074,6.8
,Michigan,26,2021,2021,653,104980,6.22
,Michigan,26,2022,2022,657,102321,6.42
,Michigan,26,2023,2023,604,99124,6.09
Total,Michigan,26,,,12883,1899646,6.78
,Minnesota,27,2007,2007,410,73735,5.56
,Minnesota,27,2008,2008,429,72421,5.92
,Minnesota,27,2009,2009,324,70646,4.59
,Minnesota,27,2010,2010,312,68610,4.55
,Minnesota,27,2011,2011,325,68409,4.75
,Minnesota,27,2012,2012,345,68772,5.02
,Minnesota,27,2013,2013,352,69159,5.09
,Minnesota,27,2014,2014,350,69904,5.01
,Minnesota,27,2015,2015,361,69834,5.17
,Minnesota,27,2016,2016,358,69749,5.13
,Minnesota,27,2017,2017,329,68595,4.8
,Minnesota,27,2018,2018,341,67344,5.06
,Minnesota,27,2019,2019,299,66027,4.53
,Minnesota,27,2020,2020,262,63443,4.13
,Minnesota,27,2021,2021,311,64425,4.83
,Minnesota,27,2022,2022,288,64015,4.5
,Minnesota,27,2023,2023,292,61715,4.73
Total,Minnesota,27,,,5688,1156803,4.92
,Mississippi,28,2007,2007,464,46491,9.98
,Mississippi,28,2008,2008,447,44947,9.95
,Mississippi,28,2009,2009,433,42901,10.09
,Mississippi,28,2010,2010,385,40036,9.62
,Mississippi,28,2011,2011,368,39860,9.23
,Mississippi,28,2012,2012,344,38669,8.9
,Mississippi,28,2013,2013,371,38634,9.6
,Mississippi,28,2014,2014,317,38736,8.18
,Mississippi,28,2015,2015,363,38394,9.45
,Mississippi,28,2016,2016,329,37928,8.67
,Mississippi,28,2017,2017,326,37357,8.73
,Mississippi,28,2018,2018,311,37000,8.41
,Mississippi,28,2019,2019,319,36636,8.71
,Mississippi,28,2020,2020,288,35473,8.12
,Mississippi,28,2021,2021,330,35156,9.39
,Mississippi,28,2022,2022,316,34675,9.11
,Mississippi,28,2023,2023,308,34459,8.94
Total,Mississippi,28,,,6021,657352,9.16
,Missouri,29,2007,2007,608,81930,7.42
,Missouri,29,2008,2008,578,80963,7.14
,Missouri,29,2009,2009,558,78905,7.07
,Missouri,29,2010,2010,505,76759,6.58
,Missouri,29,2011,2011,482,76117,6.33
,Missouri,29,2012,2012,498,75446,6.6
,Missouri,29,2013,2013,491,75296,6.52
,Missouri,29,2014,2014,461,75360,6.12
,Missouri,29,2015,2015,487,75061,6.49
,Missouri,29,2016,2016,492,74705,6.59
,Missouri,29,2017,2017,457,73034,6.26
,Missouri,29,2018,2018,465,73269,6.35
,Missouri,29,2019,2019,443,72127,6.14
,Missouri,29,2020,2020,408,69285,5.89
,Missouri,29,2021,2021,406,69453,5.85
,Missouri,29,2022,2022,467,68985,6.77
,Missouri,29,2023,2023,411,67123,6.12
Total,Missouri,29,,,8216,1263818,6.5
,Montana,30,2007,2007,78,12439,6.27
,Montana,30,2008,2008,90,12594,7.15
,Montana,30,2009,2009,76,12257,6.2
,Montana,30,2010,2010,72,12060,5.97
,Montana,30,2011,2011,72,12069,5.97
,Montana,30,2012,2012,72,12118,5.94
,Montana,30,2013,2013,69,12377,5.57
,Montana,30,2014,2014,72,12432,5.79
,Montana,30,2015,2015,73,12583,5.8
,Montana,30,2016,2016,71,12282,5.78
,Montana,30,2017,2017,65,11799,5.51
,Montana,30,2018,2018,55,11513,4.78
,Montana,30,2019,2019,53,11079,4.78
,Montana,30,2020,2020,54,10791,5
,Montana,30,2021,2021,55,11231,4.9
,Montana,30,2022,2022,52,11175,4.65
,Montana,30,2023,2023,61,11078,5.51
Total,Montana,30,,,1140,201877,5.65
,Nebraska,31,2007,2007,182,26934,6.76
,Nebraska,31,2008,2008,148,26989,5.48
,Nebraska,31,2009,2009,145,26936,5.38
,Nebraska,31,2010,2010,136,25918,5.25
,Nebraska,31,2011,2011,144,25720,5.6
,Nebraska,31,2012,2012,121,25942,4.66
,Nebraska,31,2013,2013,136,26095,5.21
,Nebraska,31,2014,2014,136,26794,5.08
,Nebraska,31,2015,2015,152,26679,5.7
,Nebraska,31,2016,2016,161,26589,6.06
,Nebraska,31,2017,2017,143,25821,5.54
,Nebraska,31,2018,2018,147,25488,5.77
,Nebraska,31,2019,2019,122,24755,4.93
,Nebraska,31,2020,2020,138,24291,5.68
,Nebraska,31,2021,2021,135,24609,5.49
,Nebraska,31,2022,2022,142,24345,5.83
,Nebraska,31,2023,2023,154,24111,6.39
Total,Nebraska,31,,,2440,438016,5.57
,Nevada,32,2007,2007,259,41181,6.29
,Nevada,32,2008,2008,212,39506,5.37
,Nevada,32,2009,2009,219,37612,5.82
,Nevada,32,2010,2010,198,35934,5.51
,Nevada,32,2011,2011,201,35296,5.69
,Nevada,32,2012,2012,172,34911,4.93
,Nevada,32,2013,2013,186,35030,5.31
,Nevada,32,2014,2014,198,35861,5.52
,Nevada,32,2015,2015,188,36298,5.18
,Nevada,32,2016,2016,209,36260,5.76
,Nevada,32,2017,2017,209,35756,5.85
,Nevada,32,2018,2018,219,35682,6.14
,Nevada,32,2019,2019,199,35072,5.67
,Nevada,32,2020,2020,156,33653,4.64
,Nevada,32,2021,2021,194,33686,5.76
,Nevada,32,2022,2022,149,33193,4.49
,Nevada,32,2023,2023,187,31794,5.88
Total,Nevada,32,,,3355,606725,5.53
,New Hampshire,33,2007,2007,77,14168,5.43
,New Hampshire,33,2008,2008,53,13683,3.87
,New Hampshire,33,2009,2009,66,13377,4.93
,New Hampshire,33,2010,2010,50,12874,3.88
,New Hampshire,33,2011,2011,58,12851,4.51
,New Hampshire,33,2012,2012,52,12352,4.21
,New Hampshire,33,2013,2013,69,12396,5.57
,New Hampshire,33,2014,2014,54,12302,4.39
,New Hampshire,33,2015,2015,51,12433,4.1
,New Hampshire,33,2016,2016,45,12267,3.67
,New Hampshire,33,2017,2017,51,12116,4.21
,New Hampshire,33,2018,2018,42,11995,3.5
,New Hampshire,33,2019,2019,38,11839,3.21
,New Hampshire,33,2020,2020,52,11791,4.41
,New Hampshire,33,2021,2021,50,12625,3.96
,New Hampshire,33,2022,2022,42,12077,3.48
,New Hampshire,33,2023,2023,35,11936,2.93
Total,New Hampshire,33,,,885,213082,4.15
,New Jersey,34,2007,2007,594,116063,5.12
,New Jersey,34,2008,2008,619,112710,5.49
,New Jersey,34,2009,2009,576,110331,5.22
,New Jersey,34,2010,2010,513,106922,4.8
,New Jersey,34,2011,2011,538,105883,5.08
,New Jersey,34,2012,2012,463,104230,4.44
,New Jersey,34,2013,2013,463,102575,4.51
,New Jersey,34,2014,2014,454,103305,4.39
,New Jersey,34,2015,2015,483,103127,4.68
,New Jersey,34,2016,2016,414,102647,4.03
,New Jersey,34,2017,2017,451,101250,4.45
,New Jersey,34,2018,2018,385,101223,3.8
,New Jersey,34,2019,2019,420,99585,4.22
,New Jersey,34,2020,2020,392,97954,4
,New Jersey,34,2021,2021,362,101497,3.57
,New Jersey,34,2022,2022,367,102893,3.57
,New Jersey,34,2023,2023,373,101001,3.69
Total,New Jersey,34,,,7866,1773196,4.44
,New Mexico,35,2007,2007,188,30616,6.14
,New Mexico,35,2008,2008,168,30173,5.57
,New Mexico,35,2009,2009,154,29000,5.31
,New Mexico,35,2010,2010,156,27850,5.6
,New Mexico,35,2011,2011,152,27289,5.57
,New Mexico,35,2012,2012,184,27068,6.8
,New Mexico,35,2013,2013,139,26354,5.27
,New Mexico,35,2014,2014,136,26052,5.22
,New Mexico,35,2015,2015,131,25816,5.07
,New Mexico,35,2016,2016,152,24692,6.16
,New Mexico,35,2017,2017,139,23767,5.85
,New Mexico,35,2018,2018,131,23039,5.69
,New Mexico,35,2019,2019,130,22960,5.66
,New Mexico,35,2020,2020,116,21903,5.3
,New Mexico,35,2021,2021,102,21391,4.77
,New Mexico,35,2022,2022,127,21614,5.88
,New Mexico,35,2023,2023,92,20951,4.39
Total,New Mexico,35,,,2399,430535,5.57
,New York,36,2007,2007,1409,253451,5.56
,New York,36,2008,2008,1381,250384,5.52
,New York,36,2009,2009,1331,248110,5.36
,New York,36,2010,2010,1242,244375,5.08
,New York,36,2011,2011,1236,241312,5.12
,New York,36,2012,2012,1207,240916,5.01
,New York,36,2013,2013,1169,236980,4.93
,New York,36,2014,2014,1102,238773,4.62
,New York,36,2015,2015,1098,237274,4.63
,New York,36,2016,2016,1056,234283,4.51
,New York,36,2017,2017,1053,229737,4.58
,New York,36,2018,2018,979,226238,4.33
,New York,36,2019,2019,959,221539,4.33
,New York,36,2020,2020,855,209338,4.08
,New York,36,2021,2021,876,210742,4.16
,New York,36,2022,2022,885,207774,4.26
,New York,36,2023,2023,821,203612,4.03
Total,New York,36,,,18660,3934838,4.74
,North Carolina,37,2007,2007,1117,131037,8.52
,North Carolina,37,2008,2008,1079,130839,8.25
,North Carolina,37,2009,2009,1004,126845,7.92
,North Carolina,37,2010,2010,867,122350,7.09
,North Carolina,37,2011,2011,867,120389,7.2
,North Carolina,37,2012,2012,886,119831,7.39
,North Carolina,37,2013,2013,832,119002,6.99
,North Carolina,37,2014,2014,864,120975,7.14
,North Carolina,37,2015,2015,888,120843,7.35
,North Carolina,37,2016,2016,874,120779,7.24
,North Carolina,37,2017,2017,845,120125,7.03
,North Carolina,37,2018,2018,803,118954,6.75
,North Carolina,37,2019,2019,805,118725,6.78
,North Carolina,37,2020,2020,790,116730,6.77
,North Carolina,37,2021,2021,809,120466,6.72
,North Carolina,37,2022,2022,825,121562,6.79
,North Carolina,37,2023,2023,834,120082,6.95
Total,North Carolina,37,,,14990,2069534,7.24
,North Dakota,38,2007,2007,67,8840,7.58
,North Dakota,38,2008,2008,52,8938,5.82
,North Dakota,38,2009,2009,57,9001,6.33
,North Dakota,38,2010,2010,62,9104,6.81
,North Dakota,38,2011,2011,62,9527,6.51
,North Dakota,38,2012,2012,64,10106,6.33
,North Dakota,38,2013,2013,64,10599,6.04
,North Dakota,38,2014,2014,58,11359,5.11
,North Dakota,38,2015,2015,81,11314,7.16
,North Dakota,38,2016,2016,73,11383,6.41
,North Dakota,38,2017,2017,47,10737,4.38
,North Dakota,38,2018,2018,60,10636,5.64
,North Dakota,38,2019,2019,78,10454,7.46
,North Dakota,38,2020,2020,55,10059,5.47
,North Dakota,38,2021,2021,28,10112,2.77
,North Dakota,38,2022,2022,42,9567,4.39
,North Dakota,38,2023,2023,47,9647,4.87
Total,North Dakota,38,,,997,171383,5.82
,Ohio,39,2007,2007,1172,150879,7.77
,Ohio,39,2008,2008,1146,148821,7.7
,Ohio,39,2009,2009,1116,144841,7.71
,Ohio,39,2010,2010,1074,139128,7.72
,Ohio,39,2011,2011,1102,137918,7.99
,Ohio,39,2012,2012,1034,138483,7.47
,Ohio,39,2013,2013,1019,138936,7.33
,Ohio,39,2014,2014,959,139467,6.88
,Ohio,39,2015,2015,1000,139264,7.18
,Ohio,39,2016,2016,1026,138085,7.43
,Ohio,39,2017,2017,983,136832,7.18
,Ohio,39,2018,2018,938,135134,6.94
,Ohio,39,2019,2019,927,134461,6.89
,Ohio,39,2020,2020,865,129191,6.7
,Ohio,39,2021,2021,916,129791,7.06
,Ohio,39,2022,2022,912,128231,7.11
,Ohio,39,2023,2023,909,126896,7.16
Total,Ohio,39,,,17098,2336358,7.32
,Oklahoma,40,2007,2007,463,55065,8.41
,Oklahoma,40,2008,2008,394,54781,7.19
,Oklahoma,40,2009,2009,431,54553,7.9
,Oklahoma,40,2010,2010,399,53238,7.49
,Oklahoma,40,2011,2011,380,52272,7.27
,Oklahoma,40,2012,2012,397,52751,7.53
,Oklahoma,40,2013,2013,359,53369,6.73
,Oklahoma,40,2014,2014,438,53339,8.21
,Oklahoma,40,2015,2015,389,53122,7.32
,Oklahoma,40,2016,2016,393,52592,7.47
,Oklahoma,40,2017,2017,391,50214,7.79
,Oklahoma,40,2018,2018,353,49800,7.09
,Oklahoma,40,2019,2019,344,49143,7
,Oklahoma,40,2020,2020,281,47623,5.9
,Oklahoma,40,2021,2021,345,48410,7.13
,Oklahoma,40,2022,2022,333,48332,6.89
,Oklahoma,40,2023,2023,341,47909,7.12
Total,Oklahoma,40,,,6432,876513,7.34
,Oregon,41,2007,2007,282,49378,5.71
,Oregon,41,2008,2008,252,49096,5.13
,Oregon,41,2009,2009,229,47132,4.86
,Oregon,41,2010,2010,226,45540,4.96
,Oregon,41,2011,2011,206,45155,4.56
,Oregon,41,2012,2012,241,45067,5.35
,Oregon,41,2013,2013,223,45155,4.94
,Oregon,41,2014,2014,232,45556,5.09
,Oregon,41,2015,2015,235,45655,5.15
,Oregon,41,2016,2016,214,45535,4.7
,Oregon,41,2017,2017,233,43631,5.34
,Oregon,41,2018,2018,178,42188,4.22
,Oregon,41,2019,2019,203,41858,4.85
,Oregon,41,2020,2020,168,39820,4.22
,Oregon,41,2021,2021,155,40914,3.79
,Oregon,41,2022,2022,177,39493,4.48
,Oregon,41,2023,2023,177,38298,4.62
Total,Oregon,41,,,3631,749471,4.84
,Pennsylvania,42,2007,2007,1135,150713,7.53
,Pennsylvania,42,2008,2008,1101,149273,7.38
,Pennsylvania,42,2009,2009,1040,146434,7.1
,Pennsylvania,42,2010,2010,1036,143321,7.23
,Pennsylvania,42,2011,2011,929,143178,6.49
,Pennsylvania,42,2012,2012,1005,142514,7.05
,Pennsylvania,42,2013,2013,937,140921,6.65
,Pennsylvania,42,2014,2014,838,142268,5.89
,Pennsylvania,42,2015,2015,867,141047,6.15
,Pennsylvania,42,2016,2016,857,139409,6.15
,Pennsylvania,42,2017,2017,837,137745,6.08
,Pennsylvania,42,2018,2018,806,135673,5.94
,Pennsylvania,42,2019,2019,796,134230,5.93
,Pennsylvania,42,2020,2020,729,130693,5.58
,Pennsylvania,42,2021,2021,712,132622,5.37
,Pennsylvania,42,2022,2022,741,130252,5.69
,Pennsylvania,42,2023,2023,707,126951,5.57
Total,Pennsylvania,42,,,15072,2367244,6.37
,Rhode Island,44,2007,2007,90,12376,7.27
,Rhode Island,44,2008,2008,71,12048,5.89
,Rhode Island,44,2009,2009,67,11442,5.86
,Rhode Island,44,2010,2010,80,11177,7.16
,Rhode Island,44,2011,2011,70,10960,6.39
,Rhode Island,44,2012,2012,71,10926,6.5
,Rhode Island,44,2013,2013,70,10809,6.48
,Rhode Island,44,2014,2014,48,10823,4.43
,Rhode Island,44,2015,2015,65,10993,5.91
,Rhode Island,44,2016,2016,60,10798,5.56
,Rhode Island,44,2017,2017,66,10638,6.2
,Rhode Island,44,2018,2018,52,10506,4.95
,Rhode Island,44,2019,2019,60,10175,5.9
,Rhode Island,44,2020,2020,40,10101,3.96
,Rhode Island,44,2021,2021,45,10464,4.3
,Rhode Island,44,2022,2022,40,10269,3.9
,Rhode Island,44,2023,2023,47,9805,4.79
Total,Rhode Island,44,,,1042,184310,5.65
,South Carolina,45,2007,2007,535,62875,8.51
,South Carolina,45,2008,2008,508,63071,8.05
,South Carolina,45,2009,2009,423,60620,6.98
,South Carolina,45,2010,2010,428,58342,7.34
,South Carolina,45,2011,2011,420,57393,7.32
,South Carolina,45,2012,2012,428,57155,7.49
,South Carolina,45,2013,2013,390,56795,6.87
,South Carolina,45,2014,2014,371,57627,6.44
,South Carolina,45,2015,2015,402,58139,6.91
,South Carolina,45,2016,2016,402,57342,7.01
,South Carolina,45,2017,2017,372,57029,6.52
,South Carolina,45,2018,2018,403,56669,7.11
,South Carolina,45,2019,2019,393,57038,6.89
,South Carolina,45,2020,2020,370,55704,6.64
,South Carolina,45,2021,2021,415,57185,7.26
,South Carolina,45,2022,2022,391,57820,6.76
,South Carolina,45,2023,2023,402,57729,6.96
Total,South Carolina,45,,,7055,988533,7.14
,South Dakota,46,2007,2007,77,12261,6.28
,South Dakota,46,2008,2008,100,12072,8.28
,South Dakota,46,2009,2009,80,11934,6.7
,South Dakota,46,2010,2010,84,11811,7.11
,South Dakota,46,2011,2011,72,11846,6.08
,South Dakota,46,2012,2012,101,12104,8.34
,South Dakota,46,2013,2013,79,12248,6.45
,South Dakota,46,2014,2014,70,12283,5.7
,South Dakota,46,2015,2015,90,12336,7.3
,South Dakota,46,2016,2016,60,12275,4.89
,South Dakota,46,2017,2017,94,12134,7.75
,South Dakota,46,2018,2018,70,11893,5.89
,South Dakota,46,2019,2019,80,11449,6.99
,South Dakota,46,2020,2020,80,10960,7.3
,South Dakota,46,2021,2021,69,11369,6.07
,South Dakota,46,2022,2022,87,11201,7.77
,South Dakota,46,2023,2023,71,11201,6.34
Total,South Dakota,46,,,1364,201377,6.77
,Tennessee,47,2007,2007,720,86711,8.3
,Tennessee,47,2008,2008,698,85560,8.16
,Tennessee,47,2009,2009,657,82211,7.99
,Tennessee,47,2010,2010,626,79495,7.87
,Tennessee,47,2011,2011,592,79588,7.44
,Tennessee,47,2012,2012,582,80371,7.24
,Tennessee,47,2013,2013,544,79992,6.8
,Tennessee,47,2014,2014,561,81602,6.87
,Tennessee,47,2015,2015,568,81685,6.95
,Tennessee,47,2016,2016,594,80807,7.35
,Tennessee,47,2017,2017,591,81016,7.29
,Tennessee,47,2018,2018,556,80751,6.89
,Tennessee,47,2019,2019,560,80450,6.96
,Tennessee,47,2020,2020,502,78689,6.38
,Tennessee,47,2021,2021,505,81717,6.18
,Tennessee,47,2022,2022,544,82265,6.61
,Tennessee,47,2023,2023,538,83021,6.48
Total,Tennessee,47,,,9936,1385931,7.17
,Texas,48,2007,2007,2567,407625,6.3
,Texas,48,2008,2008,2501,405554,6.17
,Texas,48,2009,2009,2403,401977,5.98
,Texas,48,2010,2010,2373,386118,6.15
,Texas,48,2011,2011,2135,377445,5.66
,Texas,48,2012,2012,2231,382727,5.83
,Texas,48,2013,2013,2255,387340,5.82
,Texas,48,2014,2014,2337,399766,5.85
,Texas,48,2015,2015,2305,403618,5.71
,Texas,48,2016,2016,2277,398047,5.72
,Texas,48,2017,2017,2236,382050,5.85
,Texas,48,2018,2018,2075,378624,5.48
,Texas,48,2019,2019,2069,377599,5.48
,Texas,48,2020,2020,1946,368190,5.29
,Texas,48,2021,2021,1977,373594,5.29
,Texas,48,2022,2022,2228,389741,5.72
,Texas,48,2023,2023,2263,387945,5.83
Total,Texas,48,,,38177,6607960,5.78
,Utah,49,2007,2007,277,55130,5.02
,Utah,49,2008,2008,261,55634,4.69
,Utah,49,2009,2009,284,53887,5.27
,Utah,49,2010,2010,254,52258,4.86
,Utah,49,2011,2011,281,51223,5.49
,Utah,49,2012,2012,248,51465,4.82
,Utah,49,2013,2013,264,50957,5.18
,Utah,49,2014,2014,251,51154,4.91
,Utah,49,2015,2015,255,50778,5.02
,Utah,49,2016,2016,274,50464,5.43
,Utah,49,2017,2017,286,48585,5.89
,Utah,49,2018,2018,259,47209,5.49
,Utah,49,2019,2019,247,46826,5.27
,Utah,49,2020,2020,248,45702,5.43
,Utah,49,2021,2021,214,46712,4.58
,Utah,49,2022,2022,230,45768,5.03
,Utah,49,2023,2023,235,45019,5.22
Total,Utah,49,,,4367,848771,5.15
,Vermont,50,2007,2007,33,6513,5.07
,Vermont,50,2008,2008,29,6339,4.57
,Vermont,50,2009,2009,38,6110,6.22
,Vermont,50,2010,2010,26,6223,4.18
,Vermont,50,2011,2011,30,6078,4.94
,Vermont,50,2012,2012,26,6009,4.33
,Vermont,50,2013,2013,26,5975,4.35
,Vermont,50,2014,2014,28,6130,4.57
,Vermont,50,2015,2015,27,5903,4.57
,Vermont,50,2016,2016,20,5756,3.47
,Vermont,50,2017,2017,27,5655,4.77
,Vermont,50,2018,2018,35,5432,6.44
,Vermont,50,2019,2019,15,5361,2.80 (Unreliable)
,Vermont,50,2020,2020,18,5133,3.51 (Unreliable)
,Vermont,50,2021,2021,17,5384,3.16 (Unreliable)
,Vermont,50,2022,2022,26,5316,4.89
,Vermont,50,2023,2023,16,5065,3.16 (Unreliable)
Total,Vermont,50,,,437,98382,4.44
,Virginia,51,2007,2007,842,108884,7.73
,Virginia,51,2008,2008,734,106686,6.88
,Virginia,51,2009,2009,750,105059,7.14
,Virginia,51,2010,2010,703,103002,6.83
,Virginia,51,2011,2011,697,102652,6.79
,Virginia,51,2012,2012,668,103013,6.48
,Virginia,51,2013,2013,631,102147,6.18
,Virginia,51,2014,2014,584,103300,5.65
,Virginia,51,2015,2015,610,103303,5.9
,Virginia,51,2016,2016,599,102460,5.85
,Virginia,51,2017,2017,592,100391,5.9
,Virginia,51,2018,2018,560,99843,5.61
,Virginia,51,2019,2019,566,97429,5.81
,Virginia,51,2020,2020,546,94749,5.76
,Virginia,51,2021,2021,571,95825,5.96
,Virginia,51,2022,2022,594,95630,6.21
,Virginia,51,2023,2023,544,92649,5.87
Total,Virginia,51,,,10792,1717022,6.29
,Washington,53,2007,2007,434,88978,4.88
,Washington,53,2008,2008,492,90321,5.45
,Washington,53,2009,2009,439,89313,4.92
,Washington,53,2010,2010,388,86539,4.48
,Washington,53,2011,2011,396,86976,4.55
,Washington,53,2012,2012,460,87463,5.26
,Washington,53,2013,2013,392,86577,4.53
,Washington,53,2014,2014,397,88585,4.48
,Washington,53,2015,2015,434,88990,4.88
,Washington,53,2016,2016,391,90505,4.32
,Washington,53,2017,2017,340,87562,3.88
,Washington,53,2018,2018,404,86085,4.69
,Washington,53,2019,2019,362,84895,4.26
,Washington,53,2020,2020,375,83086,4.51
,Washington,53,2021,2021,366,83911,4.36
,Washington,53,2022,2022,362,83333,4.34
,Washington,53,2023,2023,408,80932,5.04
Total,Washington,53,,,6841,1474051,4.64
,West Virginia,54,2007,2007,160,21994,7.27
,West Virginia,54,2008,2008,167,21501,7.77
,West Virginia,54,2009,2009,163,21268,7.66
,West Virginia,54,2010,2010,150,20470,7.33
,West Virginia,54,2011,2011,136,20717,6.56
,West Virginia,54,2012,2012,149,20827,7.15
,West Virginia,54,2013,2013,159,20825,7.64
,West Virginia,54,2014,2014,141,20301,6.95
,West Virginia,54,2015,2015,141,19805,7.12
,West Virginia,54,2016,2016,138,19079,7.23
,West Virginia,54,2017,2017,130,18675,6.96
,West Virginia,54,2018,2018,127,18248,6.96
,West Virginia,54,2019,2019,111,18136,6.12
,West Virginia,54,2020,2020,127,17323,7.33
,West Virginia,54,2021,2021,117,17198,6.8
,West Virginia,54,2022,2022,124,16929,7.32
,West Virginia,54,2023,2023,93,16606,5.6
Total,West Virginia,54,,,2333,329902,7.07
,Wisconsin,55,2007,2007,467,72784,6.42
,Wisconsin,55,2008,2008,500,72261,6.92
,Wisconsin,55,2009,2009,424,70843,5.99
,Wisconsin,55,2010,2010,400,68487,5.84
,Wisconsin,55,2011,2011,423,67810,6.24
,Wisconsin,55,2012,2012,382,67295,5.68
,Wisconsin,55,2013,2013,417,66649,6.26
,Wisconsin,55,2014,2014,384,67161,5.72
,Wisconsin,55,2015,2015,389,67041,5.8
,Wisconsin,55,2016,2016,420,66615,6.3
,Wisconsin,55,2017,2017,415,64975,6.39
,Wisconsin,55,2018,2018,392,64098,6.12
,Wisconsin,55,2019,2019,371,63270,5.86
,Wisconsin,55,2020,2020,360,60594,5.94
,Wisconsin,55,2021,2021,331,61781,5.36
,Wisconsin,55,2022,2022,348,60049,5.8
,Wisconsin,55,2023,2023,345,59754,5.77
Total,Wisconsin,55,,,6769,1121467,6.04
,Wyoming,56,2007,2007,58,7893,7.35
,Wyoming,56,2008,2008,56,8038,6.97
,Wyoming,56,2009,2009,47,7881,5.96
,Wyoming,56,2010,2010,52,7556,6.88
,Wyoming,56,2011,2011,49,7399,6.62
,Wyoming,56,2012,2012,42,7572,5.55
,Wyoming,56,2013,2013,37,7644,4.84
,Wyoming,56,2014,2014,49,7696,6.37
,Wyoming,56,2015,2015,38,7765,4.89
,Wyoming,56,2016,2016,37,7386,5.01
,Wyoming,56,2017,2017,32,6903,4.64
,Wyoming,56,2018,2018,35,6562,5.33
,Wyoming,56,2019,2019,47,6565,7.16
,Wyoming,56,2020,2020,32,6128,5.22
,Wyoming,56,2021,2021,34,6237,5.45
,Wyoming,56,2022,2022,34,6049,5.62
,Wyoming,56,2023,2023,23,5990,3.84
Total,Wyoming,56,,,703,121264,5.8
Total,,,,,394144,66381536,5.94
---,,,,,,,
"Dataset: Linked Birth / Infant Death Records, 2007-2023",,,,,,,
Query Parameters:,,,,,,,
Group By: State; Year of Death,,,,,,,
Show Totals: True,,,,,,,
Show Zero Values: True,,,,,,,
Show Suppressed: True,,,,,,,
"Calculate Rates Per: 1,000",,,,,,,
---,,,,,,,
Help: See http://wonder.cdc.gov/wonder/help/lbd.html for more information.,,,,,,,
---,,,,,,,
"Query Date: May 19, 2026 6:08:47 PM",,,,,,,
---,,,,,,,
"Suggested Citation: Centers for Disease Control and Prevention, National Center for Health Statistics. National Vital Statistics",,,,,,,
"System, Linked Birth / Infant Deaths on CDC WONDER Online Database. Data are from the Linked Birth / Infant Deaths Records",,,,,,,
"2007-2023, as compiled from data provided by the 57 vital statistics jurisdictions through the Vital Statistics Cooperative",,,,,,,
"Program. Accessed at http://wonder.cdc.gov/lbd-current.html on May 19, 2026 6:08:47 PM",,,,,,,
---,,,,,,,
Caveats:,,,,,,,
1. 'Unreliable' appears for rates when there are fewer than 20 deaths in the numerator. This is because the figure does not meet,,,,,,,
the NCHS standard of reliability or precision. More information: http://wonder.cdc.gov/wonder/help/lbd.html#Unreliable.,,,,,,,
2. Infant deaths are weighted so numbers may not exactly add to totals due to rounding. More information:,,,,,,,
http://wonder.cdc.gov/wonder/help/lbd.html#WeightFactors-Totals.,,,,,,,
3. Note that there may be slight differences in the number of infant deaths when comparing the Linked Birth / Death Records to,,,,,,,
the other vital statistics. More information: http://wonder.cdc.gov/wonder/help/lbd.html#Weight Factors.,,,,,,,
